,Date,sku,unit_price,units
0,"Feb 15, 2021",M735H7159,55.71,262.0
1,"Feb 15, 2021",3637H1617,140.36,5.0
2,"Feb 15, 2021",P036H2062,68.03,13.0
3,"Feb 15, 2021",M630H8980,49.77,186.0
4,"Feb 15, 2021",P037H2072,68.03,5.0
5,"Feb 15, 2021",-233H1277,93.2,5.0
6,"Feb 15, 2021",P036H2066,74.11,6.0
7,"Feb 15, 2021",3635H0605,106.03,5.0
8,"Feb 15, 2021",2734H9994,11.31,6.0
9,"Feb 15, 2021",P036H2067,83.81,7.0
10,"Feb 14, 2021",P037H2071,68.03,5.0
11,"Feb 14, 2021",P036H2066,74.11,11.0
12,"Feb 14, 2021",3637H1617,140.36,5.0
13,"Feb 14, 2021",M630H8980,49.03,233.0
14,"Feb 14, 2021",M735H7159,55.6,320.0
15,"Feb 14, 2021",P036H2062,68.03,16.0
16,"Feb 14, 2021",2734H9994,24.11,5.0
17,"Feb 14, 2021",-232H1247,108.29,5.0
18,"Feb 13, 2021",2734H9994,24.11,5.0
19,"Feb 13, 2021",M735H7159,54.67,241.0
20,"Feb 13, 2021",M630H8980,47.15,233.0
21,"Feb 13, 2021",P036H2066,74.11,8.0
22,"Feb 13, 2021",-233H1277,93.2,7.0
23,"Feb 13, 2021",P036H2062,64.2,15.0
24,"Feb 13, 2021",3635H0605,106.03,5.0
25,"Feb 12, 2021",P036H2066,74.11,6.0
26,"Feb 12, 2021",2734H9994,24.11,6.0
27,"Feb 12, 2021",P037H2072,68.03,5.0
28,"Feb 12, 2021",P037H2071,68.03,5.0
29,"Feb 12, 2021",M735H7159,55.2,242.0
30,"Feb 12, 2021",M630H8980,48.12,188.0
31,"Feb 12, 2021",3636H1616,140.36,5.0
32,"Feb 12, 2021",-233H1277,93.2,5.0
33,"Feb 12, 2021",P036H2067,83.81,5.0
34,"Feb 12, 2021",P036H2062,68.03,9.0
35,"Feb 11, 2021",3637H1617,140.36,5.0
36,"Feb 11, 2021",P036H2062,63.76,14.0
37,"Feb 11, 2021",M735H7159,55.43,282.0
38,"Feb 11, 2021",M630H8980,49.81,179.0
39,"Feb 11, 2021",P037H2072,68.03,6.0
40,"Feb 11, 2021",-233H1277,93.2,5.0
41,"Feb 11, 2021",-233H1279,93.2,5.0
42,"Feb 11, 2021",P036H2066,74.11,12.0
43,"Feb 11, 2021",2734H9994,24.11,5.0
44,"Feb 10, 2021",M630H8980,55.89,165.0
45,"Feb 10, 2021",P036H2068,96.01,7.0
46,"Feb 10, 2021",M735H7159,55.05,330.0
47,"Feb 10, 2021",P037H2071,68.03,6.0
48,"Feb 10, 2021",P036H2066,69.06,13.0
49,"Feb 10, 2021",P037H2072,68.03,8.0
50,"Feb 10, 2021",P036H2062,68.03,14.0
51,"Feb 9, 2021",P036H2066,74.11,6.0
52,"Feb 9, 2021",M735H7159,54.75,401.0
53,"Feb 9, 2021",M630H8980,56.29,154.0
54,"Feb 9, 2021",P037H2072,68.03,6.0
55,"Feb 9, 2021",P036H2068,96.01,5.0
56,"Feb 9, 2021",P036H2067,83.81,5.0
57,"Feb 9, 2021",P037H2071,68.03,6.0
58,"Feb 9, 2021",2734H9994,24.11,7.0
59,"Feb 9, 2021",-232H1243,108.29,5.0
60,"Feb 9, 2021",P036H2062,68.03,14.0
61,"Feb 8, 2021",M630H8980,56.09,183.0
62,"Feb 8, 2021",P037H2071,68.03,5.0
63,"Feb 8, 2021",2734H9994,24.11,6.0
64,"Feb 8, 2021",P036H2065,76.51,5.0
65,"Feb 8, 2021",M735H7159,55.29,421.0
66,"Feb 8, 2021",P037H2072,68.03,5.0
67,"Feb 8, 2021",P036H2062,68.03,11.0
68,"Feb 8, 2021",P036H2066,74.11,11.0
69,"Feb 8, 2021",-233H1279,93.2,6.0
70,"Feb 7, 2021",P036H2062,68.03,14.0
71,"Feb 7, 2021",M735H7159,54.32,411.0
72,"Feb 7, 2021",P036H2067,83.81,5.0
73,"Feb 7, 2021",2734H9994,24.11,6.0
74,"Feb 7, 2021",P037H2071,68.03,6.0
75,"Feb 7, 2021",-233H1279,93.2,6.0
76,"Feb 7, 2021",M630H8980,55.39,180.0
77,"Feb 7, 2021",P036H2066,65.77,9.0
78,"Feb 7, 2021",-233H1278,93.2,5.0
79,"Feb 7, 2021",P036H2065,76.51,12.0
80,"Feb 6, 2021",2734H9994,24.11,7.0
81,"Feb 6, 2021",-232H1247,108.29,5.0
82,"Feb 6, 2021",-232H1243,108.29,5.0
83,"Feb 6, 2021",M630H8980,54.21,202.0
84,"Feb 6, 2021",M735H7159,53.51,375.0
85,"Feb 6, 2021",-233H1279,93.2,5.0
86,"Feb 6, 2021",P036H2066,74.11,8.0
87,"Feb 6, 2021",P037H2071,68.03,8.0
88,"Feb 6, 2021",P036H2065,76.51,14.0
89,"Feb 6, 2021",P036H2062,68.03,17.0
90,"Feb 6, 2021",P037H2072,68.03,6.0
91,"Feb 6, 2021",P036H2067,83.81,6.0
92,"Feb 5, 2021",P036H2066,74.11,6.0
93,"Feb 5, 2021",P036H2065,71.98,14.0
94,"Feb 5, 2021",M735H7159,55.29,360.0
95,"Feb 5, 2021",P037H2072,68.03,6.0
96,"Feb 5, 2021",P037H2071,68.03,5.0
97,"Feb 5, 2021",P036H2062,68.03,14.0
98,"Feb 5, 2021",3630H2620,114.6,6.0
99,"Feb 5, 2021",P036H2068,96.01,5.0
100,"Feb 5, 2021",M630H8980,56.24,175.0
101,"Feb 5, 2021",P036H2067,57.84,6.0
102,"Feb 4, 2021",P037H2070,122.1,5.0
103,"Feb 4, 2021",P036H2066,74.11,6.0
104,"Feb 4, 2021",M735H7159,54.4,339.0
105,"Feb 4, 2021",P036H2062,68.03,12.0
106,"Feb 4, 2021",M630H8980,56.48,148.0
107,"Feb 3, 2021",P036H2066,54.13,12.0
108,"Feb 3, 2021",2734H9994,24.11,5.0
109,"Feb 3, 2021",P037H2071,68.03,5.0
110,"Feb 3, 2021",M630H8980,54.48,182.0
111,"Feb 3, 2021",P036H2067,83.81,5.0
112,"Feb 3, 2021",3630H2620,114.6,5.0
113,"Feb 3, 2021",-233H1277,93.2,5.0
114,"Feb 3, 2021",-232H1243,108.29,5.0
115,"Feb 3, 2021",P036H2068,96.01,5.0
116,"Feb 3, 2021",M735H7159,55.62,395.0
117,"Feb 3, 2021",P036H2062,68.03,14.0
118,"Feb 3, 2021",P037H2072,68.03,7.0
119,"Feb 2, 2021",M735H7159,54.32,388.0
120,"Feb 2, 2021",P036H2067,83.81,5.0
121,"Feb 2, 2021",P037H2072,60.05,9.0
122,"Feb 2, 2021",M630H8980,55.97,193.0
123,"Feb 2, 2021",-233H1277,93.2,6.0
124,"Feb 2, 2021",P036H2062,65.11,18.0
125,"Feb 2, 2021",P036H2066,74.11,8.0
126,"Feb 1, 2021",P037H2071,66.08,7.0
127,"Feb 1, 2021",P037H2072,53.9,7.0
128,"Feb 1, 2021",P036H2067,81.72,5.0
129,"Feb 1, 2021",P036H2062,64.01,18.0
130,"Feb 1, 2021",M630H8980,55.34,175.0
131,"Feb 1, 2021",P036H2066,74.11,6.0
132,"Feb 1, 2021",-233H1278,93.2,5.0
133,"Feb 1, 2021",2734H9994,24.11,6.0
134,"Feb 1, 2021",M735H7159,55.39,484.0
135,"Jan 31, 2021",2734H9994,24.11,7.0
136,"Jan 31, 2021",M630H8980,47.74,247.0
137,"Jan 31, 2021",-233H1277,93.2,5.0
138,"Jan 31, 2021",P037H2071,65.18,9.0
139,"Jan 31, 2021",P036H2062,61.36,33.0
140,"Jan 31, 2021",P037H2072,64.2,12.0
141,"Jan 31, 2021",-233H1278,93.2,5.0
142,"Jan 31, 2021",M735H7159,49.52,719.0
143,"Jan 31, 2021",P036H2066,73.28,5.0
144,"Jan 31, 2021",P036H2067,81.72,5.0
145,"Jan 30, 2021",P036H2067,81.72,6.0
146,"Jan 30, 2021",M735H7159,47.93,629.0
147,"Jan 30, 2021",P037H2072,64.2,6.0
148,"Jan 30, 2021",2734H9994,24.11,5.0
149,"Jan 30, 2021",P036H2062,64.2,21.0
150,"Jan 30, 2021",M630H8980,47.56,228.0
151,"Jan 30, 2021",P036H2066,62.68,8.0
152,"Jan 30, 2021",-233H1279,93.2,5.0
153,"Jan 30, 2021",3637H1617,137.65,5.0
154,"Jan 30, 2021",P037H2071,57.37,9.0
155,"Jan 30, 2021",-233H1277,93.2,5.0
156,"Jan 29, 2021",M630H8980,49.74,76.0
157,"Jan 29, 2021",-233H1277,93.2,5.0
158,"Jan 29, 2021",M735H7159,48.46,497.0
159,"Jan 29, 2021",2734H9994,24.11,8.0
160,"Jan 29, 2021",P037H2071,65.18,6.0
161,"Jan 29, 2021",P037H2072,64.2,6.0
162,"Jan 29, 2021",P036H2062,60.66,27.0
163,"Jan 29, 2021",P036H2067,81.72,11.0
164,"Jan 29, 2021",3636H1616,137.65,5.0
165,"Jan 29, 2021",-233H1279,93.2,5.0
166,"Jan 28, 2021",P036H2067,81.72,6.0
167,"Jan 28, 2021",P036H2062,64.2,16.0
168,"Jan 28, 2021",P037H2071,51.37,11.0
169,"Jan 28, 2021",2734H9994,19.46,9.0
170,"Jan 28, 2021",M735H7159,48.07,469.0
171,"Jan 28, 2021",-233H1278,93.2,5.0
172,"Jan 28, 2021",P037H2072,64.2,5.0
173,"Jan 28, 2021",P036H2066,73.28,6.0
174,"Jan 27, 2021",P036H2067,81.72,5.0
175,"Jan 27, 2021",P036H2066,62.68,8.0
176,"Jan 27, 2021",P037H2071,57.37,9.0
177,"Jan 27, 2021",P037H2072,64.2,7.0
178,"Jan 27, 2021",M735H7159,48.66,505.0
179,"Jan 27, 2021",2734H9994,24.11,6.0
180,"Jan 27, 2021",-232H1243,108.29,5.0
181,"Jan 27, 2021",P036H2062,64.2,22.0
182,"Jan 26, 2021",P036H2067,81.72,6.0
183,"Jan 26, 2021",2734H9994,24.11,5.0
184,"Jan 26, 2021",M735H7159,48.18,608.0
185,"Jan 26, 2021",-233H1278,93.2,6.0
186,"Jan 26, 2021",P037H2071,65.18,9.0
187,"Jan 26, 2021",P036H2062,64.2,21.0
188,"Jan 26, 2021",P037H2072,64.2,6.0
189,"Jan 26, 2021",P036H2066,73.28,6.0
190,"Jan 26, 2021",-232H1243,108.29,5.0
191,"Jan 25, 2021",-233H1278,93.2,5.0
192,"Jan 25, 2021",P036H2062,64.2,25.0
193,"Jan 25, 2021",P036H2066,73.28,14.0
194,"Jan 25, 2021",M735H7159,48.72,552.0
195,"Jan 25, 2021",2734H9994,24.11,6.0
196,"Jan 25, 2021",P037H2071,65.18,7.0
197,"Jan 25, 2021",P037H2072,64.2,7.0
198,"Jan 25, 2021",P036H2067,81.72,6.0
199,"Jan 25, 2021",P036H2068,94.9,5.0
200,"Jan 25, 2021",-232H1247,108.29,5.0
201,"Jan 24, 2021",P036H2066,73.28,6.0
202,"Jan 24, 2021",-233H1279,93.2,5.0
203,"Jan 24, 2021",P036H2067,81.72,6.0
204,"Jan 24, 2021",2734H9994,24.11,6.0
205,"Jan 24, 2021",M735H7159,48.28,676.0
206,"Jan 24, 2021",P036H2062,64.2,24.0
207,"Jan 24, 2021",-233H1277,93.2,5.0
208,"Jan 24, 2021",P037H2072,55.51,14.0
209,"Jan 24, 2021",P036H2068,94.9,6.0
210,"Jan 24, 2021",P037H2071,65.18,8.0
211,"Jan 23, 2021",P036H2066,73.28,7.0
212,"Jan 23, 2021",P036H2062,60.27,25.0
213,"Jan 23, 2021",P037H2072,64.2,9.0
214,"Jan 23, 2021",P037H2071,65.18,9.0
215,"Jan 23, 2021",M735H7159,47.06,535.0
216,"Jan 22, 2021",P037H2072,64.2,8.0
217,"Jan 22, 2021",P036H2067,81.72,5.0
218,"Jan 22, 2021",M735H7159,48.02,525.0
219,"Jan 22, 2021",P036H2066,49.16,6.0
220,"Jan 22, 2021",P036H2062,56.45,15.0
221,"Jan 21, 2021",M735H7159,49.74,798.0
222,"Jan 21, 2021",P037H2072,64.2,7.0
223,"Jan 21, 2021",P036H2062,58.79,27.0
224,"Jan 21, 2021",P036H2067,81.72,5.0
225,"Jan 21, 2021",P036H2068,94.9,5.0
226,"Jan 21, 2021",P037H2071,65.18,11.0
227,"Jan 21, 2021",P036H2066,73.28,6.0
228,"Jan 20, 2021",-233H1279,93.2,5.0
229,"Jan 20, 2021",P037H2071,65.18,9.0
230,"Jan 20, 2021",P036H2066,73.28,7.0
231,"Jan 20, 2021",P036H2062,61.12,31.0
232,"Jan 20, 2021",M735H7159,49.05,963.0
233,"Jan 20, 2021",P037H2072,64.2,9.0
234,"Jan 20, 2021",2734H9994,24.11,8.0
235,"Jan 20, 2021",P036H2069,94.9,5.0
236,"Jan 20, 2021",P036H2067,81.72,7.0
237,"Jan 19, 2021",P036H2068,94.9,5.0
238,"Jan 19, 2021",P036H2062,64.2,23.0
239,"Jan 19, 2021",P036H2066,64.99,9.0
240,"Jan 19, 2021",P037H2071,42.57,11.0
241,"Jan 19, 2021",-232H1247,108.29,5.0
242,"Jan 19, 2021",M735H7159,49.33,879.0
243,"Jan 19, 2021",-232H1243,108.29,5.0
244,"Jan 19, 2021",P037H2072,64.2,9.0
245,"Jan 19, 2021",-233H1279,93.2,5.0
246,"Jan 19, 2021",P036H2067,81.72,7.0
247,"Jan 19, 2021",2734H9994,24.11,11.0
248,"Jan 18, 2021",M630H8980,46.92,192.0
249,"Jan 18, 2021",P036H2067,81.72,5.0
250,"Jan 18, 2021",P037H2072,64.2,8.0
251,"Jan 18, 2021",P036H2066,73.28,7.0
252,"Jan 18, 2021",P036H2062,60.83,29.0
253,"Jan 18, 2021",P037H2071,65.18,9.0
254,"Jan 18, 2021",M735H7159,48.81,1107.0
255,"Jan 18, 2021",2734H9994,24.11,6.0
256,"Jan 18, 2021",3636H1616,137.65,5.0
257,"Jan 17, 2021",M735H7159,49.4,751.0
258,"Jan 17, 2021",P036H2062,60.83,16.0
259,"Jan 17, 2021",P036H2066,73.28,11.0
260,"Jan 17, 2021",M630H8980,48.62,276.0
261,"Jan 17, 2021",3637H0607,101.24,5.0
262,"Jan 17, 2021",P037H2072,64.2,5.0
263,"Jan 17, 2021",-232H1243,108.29,5.0
264,"Jan 17, 2021",P037H2071,65.18,9.0
265,"Jan 16, 2021",P036H2066,73.28,8.0
266,"Jan 16, 2021",P037H2071,42.57,8.0
267,"Jan 16, 2021",M630H8980,47.05,285.0
268,"Jan 16, 2021",P036H2062,64.2,14.0
269,"Jan 16, 2021",2734H9994,24.11,5.0
270,"Jan 16, 2021",M735H7159,48.5,471.0
271,"Jan 16, 2021",P037H2072,64.2,5.0
272,"Jan 15, 2021",P036H2066,60.97,12.0
273,"Jan 15, 2021",P037H2072,64.2,5.0
274,"Jan 15, 2021",M735H7159,47.84,549.0
275,"Jan 15, 2021",3638H1618,83.81,5.0
276,"Jan 15, 2021",P036H2062,64.2,17.0
277,"Jan 15, 2021",P037H2071,65.18,6.0
278,"Jan 15, 2021",P036H2067,81.72,5.0
279,"Jan 15, 2021",2734H9994,24.11,5.0
280,"Jan 15, 2021",M630H8980,47.18,259.0
281,"Jan 14, 2021",P036H2062,55.51,14.0
282,"Jan 14, 2021",P037H2071,57.37,9.0
283,"Jan 14, 2021",M630H8980,48.47,230.0
284,"Jan 14, 2021",-232H1243,108.29,5.0
285,"Jan 14, 2021",2734H9994,24.11,5.0
286,"Jan 14, 2021",P036H2066,73.28,6.0
287,"Jan 14, 2021",-232H1247,108.29,5.0
288,"Jan 14, 2021",M735H7159,48.4,588.0
289,"Jan 14, 2021",P037H2072,54.3,13.0
290,"Jan 13, 2021",P036H2067,81.72,5.0
291,"Jan 13, 2021",M735H7159,48.7,562.0
292,"Jan 13, 2021",P036H2062,64.2,15.0
293,"Jan 13, 2021",P036H2066,73.28,7.0
294,"Jan 13, 2021",2734H9994,24.11,8.0
295,"Jan 13, 2021",M630H8980,47.59,229.0
296,"Jan 13, 2021",P037H2071,65.18,5.0
297,"Jan 13, 2021",P037H2072,64.2,5.0
298,"Jan 12, 2021",P036H2062,64.2,15.0
299,"Jan 12, 2021",P036H2066,73.28,5.0
300,"Jan 12, 2021",M630H8980,48.65,290.0
301,"Jan 12, 2021",2734H9994,24.11,7.0
302,"Jan 12, 2021",P036H2067,81.72,5.0
303,"Jan 12, 2021",M735H7159,48.3,726.0
304,"Jan 11, 2021",2734H9994,24.11,5.0
305,"Jan 11, 2021",P036H2066,73.28,14.0
306,"Jan 11, 2021",M630H8980,46.75,269.0
307,"Jan 11, 2021",P037H2071,65.18,6.0
308,"Jan 11, 2021",M735H7159,48.68,748.0
309,"Jan 11, 2021",P036H2062,61.36,18.0
310,"Jan 11, 2021",P036H2067,81.72,5.0
311,"Jan 10, 2021",P036H2066,73.28,6.0
312,"Jan 10, 2021",M735H7159,48.53,636.0
313,"Jan 10, 2021",-232H1243,108.29,5.0
314,"Jan 10, 2021",P036H2062,59.5,22.0
315,"Jan 10, 2021",P037H2072,64.2,5.0
316,"Jan 10, 2021",2734H9994,24.11,7.0
317,"Jan 10, 2021",M630H8980,48.69,269.0
318,"Jan 10, 2021",P037H2071,57.37,9.0
319,"Jan 9, 2021",P036H2062,64.2,24.0
320,"Jan 9, 2021",M735H7159,48.09,503.0
321,"Jan 9, 2021",-232H1247,108.29,5.0
322,"Jan 9, 2021",P037H2072,64.2,6.0
323,"Jan 9, 2021",M630H8980,46.48,270.0
324,"Jan 9, 2021",P036H2066,73.28,6.0
325,"Jan 9, 2021",P037H2071,65.18,5.0
326,"Jan 8, 2021",M735H7159,49.24,717.0
327,"Jan 8, 2021",-233H1279,93.2,5.0
328,"Jan 8, 2021",P036H2067,81.72,5.0
329,"Jan 8, 2021",P036H2065,75.72,14.0
330,"Jan 8, 2021",P037H2072,64.2,5.0
331,"Jan 8, 2021",P036H2062,58.79,19.0
332,"Jan 8, 2021",P037H2071,65.18,6.0
333,"Jan 8, 2021",3637H1617,137.65,5.0
334,"Jan 8, 2021",M630H8980,47.87,283.0
335,"Jan 8, 2021",P036H2066,73.28,8.0
336,"Jan 7, 2021",P037H2072,64.2,8.0
337,"Jan 7, 2021",P036H2066,73.28,7.0
338,"Jan 7, 2021",-232H1243,108.29,5.0
339,"Jan 7, 2021",P036H2062,60.27,25.0
340,"Jan 7, 2021",-232H1247,108.29,5.0
341,"Jan 7, 2021",M735H7159,47.91,889.0
342,"Jan 7, 2021",P036H2065,75.72,17.0
343,"Jan 7, 2021",M630H8980,49.25,356.0
344,"Jan 7, 2021",P037H2071,65.18,7.0
345,"Jan 7, 2021",-233H1279,93.2,7.0
346,"Jan 7, 2021",2734H9994,24.11,8.0
347,"Jan 6, 2021",M735H7159,49.01,930.0
348,"Jan 6, 2021",-233H1277,93.2,6.0
349,"Jan 6, 2021",P036H2066,73.28,6.0
350,"Jan 6, 2021",2734H9994,24.11,7.0
351,"Jan 6, 2021",M630H8980,48.29,391.0
352,"Jan 6, 2021",P036H2062,57.83,17.0
353,"Jan 6, 2021",P036H2065,75.72,15.0
354,"Jan 6, 2021",P037H2071,51.37,11.0
355,"Jan 5, 2021",P036H2066,73.28,9.0
356,"Jan 5, 2021",3630H2620,112.57,5.0
357,"Jan 5, 2021",-233H1279,93.2,5.0
358,"Jan 5, 2021",P037H2071,65.18,6.0
359,"Jan 5, 2021",-233H1277,93.2,5.0
360,"Jan 5, 2021",2734H9994,24.11,5.0
361,"Jan 5, 2021",-232H1243,108.29,5.0
362,"Jan 5, 2021",P036H2062,64.2,29.0
363,"Jan 5, 2021",P036H2065,75.72,15.0
364,"Jan 5, 2021",P036H2067,81.72,5.0
365,"Jan 5, 2021",M630H8980,48.47,354.0
366,"Jan 5, 2021",M735H7159,48.07,833.0
367,"Jan 4, 2021",M735H7159,47.5,880.0
368,"Jan 4, 2021",P036H2066,73.28,8.0
369,"Jan 4, 2021",2734H9994,24.11,7.0
370,"Jan 4, 2021",P036H2065,68.11,16.0
371,"Jan 4, 2021",-232H1247,108.29,5.0
372,"Jan 4, 2021",P037H2071,65.18,5.0
373,"Jan 4, 2021",P037H2072,64.2,6.0
374,"Jan 4, 2021",M630H8980,48.94,304.0
375,"Jan 4, 2021",P036H2062,64.2,19.0
376,"Jan 4, 2021",3630H2620,112.57,5.0
377,"Jan 4, 2021",-233H1279,93.2,6.0
378,"Jan 4, 2021",-233H1277,93.2,5.0
379,"Jan 4, 2021",P036H2067,81.72,7.0
380,"Jan 3, 2021",-232H1243,108.29,5.0
381,"Jan 3, 2021",P037H2072,64.2,5.0
382,"Jan 3, 2021",P037H2071,65.18,6.0
383,"Jan 3, 2021",P036H2066,73.28,9.0
384,"Jan 3, 2021",3630H2620,112.57,5.0
385,"Jan 3, 2021",M735H7159,49.25,810.0
386,"Jan 3, 2021",P036H2065,72.06,16.0
387,"Jan 3, 2021",-233H1279,93.2,6.0
388,"Jan 3, 2021",2734H9994,24.11,6.0
389,"Jan 3, 2021",M630H8980,48.18,368.0
390,"Jan 3, 2021",P036H2062,64.2,17.0
391,"Jan 3, 2021",P036H2067,66.15,7.0
392,"Jan 2, 2021",P036H2066,73.49,9.0
393,"Jan 2, 2021",-233H1278,93.2,5.0
394,"Jan 2, 2021",M630H8980,47.84,323.0
395,"Jan 2, 2021",M735H7159,48.94,779.0
396,"Jan 2, 2021",P037H2072,64.2,6.0
397,"Jan 2, 2021",P036H2068,94.9,5.0
398,"Jan 2, 2021",-232H1243,108.29,6.0
399,"Jan 2, 2021",P036H2065,75.81,14.0
400,"Jan 2, 2021",P037H2071,65.18,6.0
401,"Jan 2, 2021",P036H2062,59.8,23.0
402,"Jan 2, 2021",-233H1277,93.2,5.0
403,"Jan 2, 2021",P036H2067,81.72,5.0
404,"Jan 1, 2021",P037H2071,66.52,5.0
405,"Jan 1, 2021",P036H2066,74.31,8.0
406,"Jan 1, 2021",M735H7159,55.76,287.0
407,"Jan 1, 2021",-232H1247,108.29,5.0
408,"Jan 1, 2021",M630H8980,56.14,166.0
409,"Jan 1, 2021",-233H1277,93.2,5.0
410,"Jan 1, 2021",P036H2065,76.5,21.0
411,"Jan 1, 2021",P037H2072,66.52,6.0
412,"Jan 1, 2021",P036H2062,66.52,14.0
413,"Jan 1, 2021",2734H9994,24.11,5.0
414,"Dec 31, 2020",M735H7159,54.13,264.0
415,"Dec 31, 2020",-233H1277,93.2,6.0
416,"Dec 31, 2020",P036H2066,74.31,7.0
417,"Dec 31, 2020",M630H8980,53.41,167.0
418,"Dec 31, 2020",P036H2062,66.52,15.0
419,"Dec 31, 2020",P037H2072,66.52,5.0
420,"Dec 31, 2020",P037H2071,66.52,6.0
421,"Dec 31, 2020",P036H2067,82.97,6.0
422,"Dec 31, 2020",P036H2065,71.97,14.0
423,"Dec 30, 2020",M630H8980,55.64,165.0
424,"Dec 30, 2020",3636H1616,140.36,5.0
425,"Dec 30, 2020",M735H7159,54.81,409.0
426,"Dec 30, 2020",3637H1617,140.36,5.0
427,"Dec 30, 2020",P036H2062,66.52,16.0
428,"Dec 30, 2020",-233H1278,93.2,6.0
429,"Dec 30, 2020",-233H1277,93.2,5.0
430,"Dec 30, 2020",P036H2065,73.14,17.0
431,"Dec 30, 2020",2734H9994,24.11,5.0
432,"Dec 30, 2020",P037H2071,66.52,6.0
433,"Dec 30, 2020",P036H2067,82.97,5.0
434,"Dec 30, 2020",P036H2066,74.31,8.0
435,"Dec 29, 2020",P036H2067,82.97,5.0
436,"Dec 29, 2020",P037H2070,122.1,5.0
437,"Dec 29, 2020",P036H2066,74.31,11.0
438,"Dec 29, 2020",-233H1277,93.2,5.0
439,"Dec 29, 2020",P036H2065,76.5,14.0
440,"Dec 29, 2020",P037H2072,66.52,5.0
441,"Dec 29, 2020",P036H2062,61.02,19.0
442,"Dec 29, 2020",P037H2071,66.52,5.0
443,"Dec 29, 2020",M735H7159,55.03,440.0
444,"Dec 29, 2020",M630H8980,55.14,165.0
445,"Dec 29, 2020",2734H9994,24.11,6.0
446,"Dec 28, 2020",M735H7159,56.21,438.0
447,"Dec 28, 2020",M630H8980,54.51,206.0
448,"Dec 28, 2020",2734H9994,11.31,6.0
449,"Dec 28, 2020",P036H2069,96.01,5.0
450,"Dec 28, 2020",-232H1247,108.29,5.0
451,"Dec 28, 2020",-232H1243,108.29,5.0
452,"Dec 28, 2020",P036H2065,76.5,26.0
453,"Dec 28, 2020",-233H1279,93.2,6.0
454,"Dec 28, 2020",P036H2062,64.57,25.0
455,"Dec 28, 2020",P036H2066,74.31,11.0
456,"Dec 28, 2020",P037H2071,66.52,6.0
457,"Dec 28, 2020",P037H2072,66.52,5.0
458,"Dec 28, 2020",P036H2067,82.97,5.0
459,"Dec 27, 2020",P036H2066,63.63,8.0
460,"Dec 27, 2020",-233H1277,93.2,6.0
461,"Dec 27, 2020",-233H1279,93.2,6.0
462,"Dec 27, 2020",M735H7159,54.41,375.0
463,"Dec 27, 2020",P036H2065,72.82,16.0
464,"Dec 27, 2020",P037H2072,66.52,6.0
465,"Dec 27, 2020",-233H1278,93.2,5.0
466,"Dec 27, 2020",M630H8980,54.35,186.0
467,"Dec 27, 2020",P037H2071,61.02,12.0
468,"Dec 27, 2020",P036H2062,66.52,11.0
469,"Dec 27, 2020",-232H1247,108.29,6.0
470,"Dec 26, 2020",2734H9994,24.11,5.0
471,"Dec 26, 2020",3636H1616,140.36,5.0
472,"Dec 26, 2020",M630H8980,54.71,182.0
473,"Dec 26, 2020",P036H2065,69.54,17.0
474,"Dec 26, 2020",P037H2071,66.52,5.0
475,"Dec 26, 2020",-233H1277,93.2,5.0
476,"Dec 26, 2020",P037H2072,66.52,6.0
477,"Dec 26, 2020",M735H7159,55.34,383.0
478,"Dec 26, 2020",P036H2062,61.02,19.0
479,"Dec 26, 2020",-233H1278,93.2,5.0
480,"Dec 26, 2020",P036H2066,74.31,7.0
481,"Dec 26, 2020",P036H2067,82.97,6.0
482,"Dec 25, 2020",P036H2066,74.31,6.0
483,"Dec 25, 2020",-232H1247,108.29,5.0
484,"Dec 25, 2020",M735H7159,54.56,318.0
485,"Dec 25, 2020",P036H2065,69.54,11.0
486,"Dec 25, 2020",M630H8980,54.71,143.0
487,"Dec 25, 2020",P036H2062,66.52,16.0
488,"Dec 24, 2020",M630H8980,50.95,99.0
489,"Dec 24, 2020",P036H2065,76.5,13.0
490,"Dec 24, 2020",M735H7159,53.74,267.0
491,"Dec 24, 2020",-233H1278,93.2,5.0
492,"Dec 24, 2020",-232H1243,108.29,5.0
493,"Dec 24, 2020",P036H2062,61.02,19.0
494,"Dec 24, 2020",P037H2072,66.52,5.0
495,"Dec 24, 2020",2734H9994,24.11,5.0
496,"Dec 24, 2020",P036H2066,74.31,8.0
497,"Dec 23, 2020",P037H2071,66.52,6.0
498,"Dec 23, 2020",-233H1279,93.2,5.0
499,"Dec 23, 2020",P036H2066,74.31,7.0
500,"Dec 23, 2020",-233H1278,93.2,5.0
501,"Dec 23, 2020",M735H7159,54.94,386.0
502,"Dec 23, 2020",-233H1277,93.2,5.0
503,"Dec 23, 2020",M630H8980,55.34,130.0
504,"Dec 23, 2020",P037H2072,66.52,6.0
505,"Dec 23, 2020",P036H2062,66.52,11.0
506,"Dec 23, 2020",P036H2065,73.83,21.0
507,"Dec 23, 2020",P036H2067,82.97,5.0
508,"Dec 22, 2020",-232H1247,108.29,5.0
509,"Dec 22, 2020",P036H2066,74.31,6.0
510,"Dec 22, 2020",M630H8980,55.34,130.0
511,"Dec 22, 2020",P037H2072,66.52,5.0
512,"Dec 22, 2020",2734H9994,24.11,5.0
513,"Dec 22, 2020",P036H2067,82.97,6.0
514,"Dec 22, 2020",P037H2071,66.52,5.0
515,"Dec 22, 2020",-233H1278,93.2,5.0
516,"Dec 22, 2020",3630H2620,114.6,5.0
517,"Dec 22, 2020",P036H2065,76.5,17.0
518,"Dec 22, 2020",P036H2062,60.03,24.0
519,"Dec 22, 2020",M735H7159,54.19,396.0
520,"Dec 21, 2020",-233H1277,93.2,5.0
521,"Dec 21, 2020",P036H2066,74.31,7.0
522,"Dec 21, 2020",M735H7159,54.7,497.0
523,"Dec 21, 2020",-233H1279,93.2,5.0
524,"Dec 21, 2020",P036H2065,72.82,16.0
525,"Dec 21, 2020",P037H2072,66.52,6.0
526,"Dec 21, 2020",3630H2620,114.6,5.0
527,"Dec 21, 2020",M630H8980,54.28,194.0
528,"Dec 21, 2020",3637H1617,140.36,5.0
529,"Dec 21, 2020",P036H2062,66.52,16.0
530,"Dec 20, 2020",P036H2066,74.31,11.0
531,"Dec 20, 2020",P036H2065,76.5,22.0
532,"Dec 20, 2020",-233H1278,93.2,5.0
533,"Dec 20, 2020",-232H1247,108.29,5.0
534,"Dec 20, 2020",P037H2072,66.52,6.0
535,"Dec 20, 2020",M630H8980,52.64,268.0
536,"Dec 20, 2020",-233H1279,93.2,6.0
537,"Dec 20, 2020",P037H2071,66.52,9.0
538,"Dec 20, 2020",P036H2067,82.97,5.0
539,"Dec 20, 2020",2734H9994,24.11,5.0
540,"Dec 20, 2020",P036H2062,62.53,25.0
541,"Dec 19, 2020",P036H2066,74.31,11.0
542,"Dec 19, 2020",3636H1616,140.36,5.0
543,"Dec 19, 2020",-232H1243,108.29,5.0
544,"Dec 19, 2020",P036H2065,70.11,18.0
545,"Dec 19, 2020",-233H1278,93.2,8.0
546,"Dec 19, 2020",3635H0605,106.03,5.0
547,"Dec 19, 2020",P037H2072,66.52,6.0
548,"Dec 19, 2020",P036H2062,63.09,29.0
549,"Dec 19, 2020",M630H8980,52.89,207.0
550,"Dec 19, 2020",P036H2067,82.97,5.0
551,"Dec 19, 2020",2734H9994,24.11,5.0
552,"Dec 18, 2020",M630H8980,54.32,174.0
553,"Dec 18, 2020",M735H7159,56.06,228.0
554,"Dec 18, 2020",-233H1278,93.2,6.0
555,"Dec 18, 2020",-233H1277,93.2,5.0
556,"Dec 18, 2020",P037H2071,66.52,6.0
557,"Dec 18, 2020",P036H2065,74.85,31.0
558,"Dec 18, 2020",P037H2072,66.52,5.0
559,"Dec 18, 2020",P036H2066,74.31,5.0
560,"Dec 18, 2020",2734H9994,24.11,5.0
561,"Dec 18, 2020",P036H2062,65.1,33.0
562,"Dec 17, 2020",M735H7159,54.8,395.0
563,"Dec 17, 2020",P037H2071,66.52,7.0
564,"Dec 17, 2020",M630H8980,55.7,59.0
565,"Dec 17, 2020",-233H1278,93.2,7.0
566,"Dec 17, 2020",P036H2067,82.97,5.0
567,"Dec 17, 2020",-233H1277,93.2,5.0
568,"Dec 17, 2020",P037H2072,66.52,5.0
569,"Dec 17, 2020",3630H2620,114.6,5.0
570,"Dec 17, 2020",P036H2062,66.52,15.0
571,"Dec 17, 2020",-233H1279,93.2,6.0
572,"Dec 17, 2020",2734H9994,24.11,5.0
573,"Dec 17, 2020",P036H2065,71.01,38.0
574,"Dec 17, 2020",3638H1618,90.24,5.0
575,"Dec 16, 2020",P036H2066,74.31,6.0
576,"Dec 16, 2020",P037H2071,66.52,9.0
577,"Dec 16, 2020",M735H7159,53.62,498.0
578,"Dec 16, 2020",P037H2072,43.64,8.0
579,"Dec 16, 2020",P036H2065,76.5,25.0
580,"Dec 16, 2020",2734H9994,24.11,5.0
581,"Dec 16, 2020",P036H2067,82.97,7.0
582,"Dec 16, 2020",P036H2062,62.92,27.0
583,"Dec 15, 2020",P037H2072,66.52,7.0
584,"Dec 15, 2020",P036H2066,74.31,6.0
585,"Dec 15, 2020",M735H7159,54.21,542.0
586,"Dec 15, 2020",P037H2071,60.03,11.0
587,"Dec 15, 2020",P036H2062,64.84,29.0
588,"Dec 15, 2020",P036H2065,76.5,22.0
589,"Dec 15, 2020",P036H2067,82.97,5.0
590,"Dec 14, 2020",P037H2072,66.52,5.0
591,"Dec 14, 2020",-233H1279,106.03,5.0
592,"Dec 14, 2020",P036H2066,74.31,11.0
593,"Dec 14, 2020",P036H2065,76.5,25.0
594,"Dec 14, 2020",P036H2062,66.52,24.0
595,"Dec 14, 2020",M630H8980,55.3,97.0
596,"Dec 14, 2020",M735H7159,54.43,635.0
597,"Dec 14, 2020",P037H2071,66.52,11.0
598,"Dec 14, 2020",2734H9994,24.11,5.0
599,"Dec 14, 2020",P036H2068,96.01,5.0
600,"Dec 14, 2020",-233H1278,106.03,6.0
601,"Dec 13, 2020",P036H2066,74.31,9.0
602,"Dec 13, 2020",-233H1279,106.03,5.0
603,"Dec 13, 2020",P036H2065,76.5,13.0
604,"Dec 13, 2020",M735H7159,54.82,555.0
605,"Dec 13, 2020",P036H2062,66.52,15.0
606,"Dec 13, 2020",P036H2067,82.97,5.0
607,"Dec 13, 2020",P037H2071,66.52,5.0
608,"Dec 13, 2020",M630H8980,54.69,218.0
609,"Dec 12, 2020",2734H9994,24.11,5.0
610,"Dec 12, 2020",P036H2066,74.31,8.0
611,"Dec 12, 2020",M735H7159,53.05,458.0
612,"Dec 12, 2020",-233H1278,106.03,6.0
613,"Dec 12, 2020",-233H1277,106.03,11.0
614,"Dec 12, 2020",P036H2065,72.82,16.0
615,"Dec 12, 2020",P037H2072,66.52,5.0
616,"Dec 12, 2020",M630H8980,54.04,214.0
617,"Dec 12, 2020",P037H2071,66.52,6.0
618,"Dec 12, 2020",P036H2062,66.52,6.0
619,"Dec 11, 2020",M630H8980,55.79,157.0
620,"Dec 11, 2020",-233H1278,106.03,5.0
621,"Dec 11, 2020",P036H2065,76.5,17.0
622,"Dec 11, 2020",-233H1277,106.03,5.0
623,"Dec 11, 2020",P036H2062,66.52,16.0
624,"Dec 11, 2020",P037H2071,66.52,5.0
625,"Dec 11, 2020",M735H7159,55.66,347.0
626,"Dec 11, 2020",2734H9994,24.11,5.0
627,"Dec 10, 2020",3636H1616,140.36,5.0
628,"Dec 10, 2020",M735H7159,55.76,455.0
629,"Dec 10, 2020",P036H2066,74.31,7.0
630,"Dec 10, 2020",P036H2065,72.44,15.0
631,"Dec 10, 2020",2734H9994,24.11,5.0
632,"Dec 10, 2020",-232H1247,118.46,5.0
633,"Dec 10, 2020",M630H8980,55.73,190.0
634,"Dec 10, 2020",P036H2062,57.29,18.0
635,"Dec 9, 2020",P036H2066,74.31,5.0
636,"Dec 9, 2020",M735H7159,54.77,418.0
637,"Dec 9, 2020",P036H2065,76.5,11.0
638,"Dec 9, 2020",P037H2071,66.52,6.0
639,"Dec 9, 2020",P036H2062,62.3,14.0
640,"Dec 9, 2020",P037H2072,66.52,5.0
641,"Dec 9, 2020",M630H8980,55.72,207.0
642,"Dec 9, 2020",P036H2067,82.97,5.0
643,"Dec 8, 2020",M630H8980,55.46,219.0
644,"Dec 8, 2020",P036H2066,74.31,6.0
645,"Dec 8, 2020",M735H7159,55.23,410.0
646,"Dec 8, 2020",2734H9994,24.11,5.0
647,"Dec 8, 2020",3637H1617,140.36,6.0
648,"Dec 8, 2020",P037H2072,66.52,8.0
649,"Dec 8, 2020",P037H2071,66.52,5.0
650,"Dec 8, 2020",P036H2062,64.33,23.0
651,"Dec 8, 2020",P036H2065,76.5,13.0
652,"Dec 8, 2020",P036H2069,96.01,5.0
653,"Dec 8, 2020",P036H2067,82.97,5.0
654,"Dec 7, 2020",-233H1278,106.03,5.0
655,"Dec 7, 2020",M735H7159,56.25,323.0
656,"Dec 7, 2020",-233H1279,106.03,5.0
657,"Dec 7, 2020",P036H2065,76.5,16.0
658,"Dec 7, 2020",P036H2062,66.52,13.0
659,"Dec 7, 2020",P037H2071,66.52,5.0
660,"Dec 7, 2020",P037H2072,43.64,6.0
661,"Dec 7, 2020",M630H8980,55.16,166.0
662,"Dec 7, 2020",P036H2067,82.97,6.0
663,"Dec 6, 2020",P036H2062,61.02,19.0
664,"Dec 6, 2020",-233H1278,106.03,5.0
665,"Dec 6, 2020",P036H2066,74.31,7.0
666,"Dec 6, 2020",M735H7159,52.19,349.0
667,"Dec 6, 2020",P037H2071,66.52,6.0
668,"Dec 6, 2020",P036H2065,76.5,14.0
669,"Dec 6, 2020",M630H8980,53.09,165.0
670,"Dec 6, 2020",P036H2067,82.97,7.0
671,"Dec 5, 2020",P037H2072,66.52,6.0
672,"Dec 5, 2020",P036H2066,74.31,6.0
673,"Dec 5, 2020",M735H7159,53.48,261.0
674,"Dec 5, 2020",P036H2065,76.5,21.0
675,"Dec 5, 2020",P036H2062,66.52,14.0
676,"Dec 5, 2020",M630H8980,54.58,150.0
677,"Dec 4, 2020",P036H2066,74.31,5.0
678,"Dec 4, 2020",M630H8980,55.46,152.0
679,"Dec 4, 2020",-233H1277,106.03,5.0
680,"Dec 4, 2020",P036H2065,72.44,15.0
681,"Dec 4, 2020",3637H1617,140.36,5.0
682,"Dec 4, 2020",P037H2072,66.52,5.0
683,"Dec 4, 2020",P036H2062,66.52,19.0
684,"Dec 4, 2020",M735H7159,54.35,277.0
685,"Dec 3, 2020",P036H2066,74.31,6.0
686,"Dec 3, 2020",M735H7159,55.49,339.0
687,"Dec 3, 2020",P036H2065,76.5,9.0
688,"Dec 3, 2020",M630H8980,55.57,142.0
689,"Dec 3, 2020",P036H2062,63.85,19.0
690,"Dec 3, 2020",-233H1278,106.03,5.0
691,"Dec 3, 2020",P036H2067,82.97,5.0
692,"Dec 2, 2020",3637H1617,140.36,5.0
693,"Dec 2, 2020",P036H2066,74.31,5.0
694,"Dec 2, 2020",M735H7159,55.02,325.0
695,"Dec 2, 2020",-233H1278,106.03,5.0
696,"Dec 2, 2020",-232H1247,118.46,5.0
697,"Dec 2, 2020",P036H2065,76.5,8.0
698,"Dec 2, 2020",P037H2072,66.52,5.0
699,"Dec 2, 2020",M630H8980,56.59,129.0
700,"Dec 2, 2020",P037H2071,66.52,8.0
701,"Dec 2, 2020",P036H2062,51.38,19.0
702,"Dec 2, 2020",P036H2067,82.97,5.0
703,"Dec 1, 2020",P036H2066,68.03,5.0
704,"Dec 1, 2020",M630H8980,53.31,182.0
705,"Dec 1, 2020",P037H2071,66.52,5.0
706,"Dec 1, 2020",M735H7159,54.29,430.0
707,"Dec 1, 2020",P036H2065,76.5,13.0
708,"Dec 1, 2020",P037H2072,66.52,6.0
709,"Dec 1, 2020",3636H1616,140.36,5.0
710,"Dec 1, 2020",P037H2070,122.1,5.0
711,"Dec 1, 2020",P036H2069,96.01,5.0
712,"Dec 1, 2020",P036H2062,66.52,11.0
713,"Dec 1, 2020",2734H9994,24.11,7.0
714,"Nov 30, 2020",P036H2065,72.44,17.0
715,"Nov 30, 2020",P036H2066,68.03,14.0
716,"Nov 30, 2020",M630H8980,40.81,1551.0
717,"Nov 30, 2020",P037H2072,46.33,9.0
718,"Nov 30, 2020",M735H7159,41.04,3994.0
719,"Nov 30, 2020",P037H2071,63.19,9.0
720,"Nov 30, 2020",-233H1279,98.68,5.0
721,"Nov 30, 2020",P036H2062,63.19,30.0
722,"Nov 30, 2020",P036H2067,80.29,6.0
723,"Nov 29, 2020",P036H2066,68.03,21.0
724,"Nov 29, 2020",-233H1279,98.68,6.0
725,"Nov 29, 2020",-233H1278,98.68,7.0
726,"Nov 29, 2020",P036H2065,72.44,19.0
727,"Nov 29, 2020",M735H7159,40.12,4252.0
728,"Nov 29, 2020",2734H9994,24.11,5.0
729,"Nov 29, 2020",M630H8980,39.77,1569.0
730,"Nov 29, 2020",-233H1277,98.68,6.0
731,"Nov 29, 2020",P037H2071,63.19,8.0
732,"Nov 29, 2020",P036H2062,61.18,24.0
733,"Nov 29, 2020",P037H2072,63.19,8.0
734,"Nov 28, 2020",P037H2071,63.19,6.0
735,"Nov 28, 2020",P036H2066,68.03,19.0
736,"Nov 28, 2020",M630H8980,39.06,1380.0
737,"Nov 28, 2020",P036H2065,68.49,15.0
738,"Nov 28, 2020",-233H1278,98.68,5.0
739,"Nov 28, 2020",-233H1277,98.68,5.0
740,"Nov 28, 2020",M735H7159,39.77,3821.0
741,"Nov 28, 2020",P037H2072,63.19,6.0
742,"Nov 28, 2020",P036H2062,61.62,30.0
743,"Nov 28, 2020",2734H9994,24.11,6.0
744,"Nov 28, 2020",P036H2067,80.29,5.0
745,"Nov 27, 2020",P036H2066,66.74,36.0
746,"Nov 27, 2020",-232H1247,116.56,5.0
747,"Nov 27, 2020",-233H1278,98.68,6.0
748,"Nov 27, 2020",-233H1277,98.68,5.0
749,"Nov 27, 2020",2734H9994,24.11,17.0
750,"Nov 27, 2020",-232H1243,116.56,5.0
751,"Nov 27, 2020",M735H7159,40.55,6700.0
752,"Nov 27, 2020",P037H2072,63.19,6.0
753,"Nov 27, 2020",3637H1617,127.18,7.0
754,"Nov 27, 2020",P036H2065,72.44,33.0
755,"Nov 27, 2020",M630H8980,40.0,2120.0
756,"Nov 27, 2020",P037H2071,63.19,12.0
757,"Nov 27, 2020",-233H1279,98.68,6.0
758,"Nov 27, 2020",P036H2068,93.2,5.0
759,"Nov 27, 2020",P036H2067,80.29,6.0
760,"Nov 27, 2020",P036H2062,60.49,34.0
761,"Nov 26, 2020",2734H9994,24.11,5.0
762,"Nov 26, 2020",P036H2066,68.03,12.0
763,"Nov 26, 2020",M630H8980,40.35,1394.0
764,"Nov 26, 2020",P036H2065,69.17,17.0
765,"Nov 26, 2020",M735H7159,48.75,1540.0
766,"Nov 26, 2020",P037H2072,63.19,5.0
767,"Nov 26, 2020",P037H2071,63.19,8.0
768,"Nov 26, 2020",P036H2062,63.19,15.0
769,"Nov 25, 2020",P037H2070,106.03,5.0
770,"Nov 25, 2020",2734H9994,24.11,7.0
771,"Nov 25, 2020",P036H2066,62.47,12.0
772,"Nov 25, 2020",P036H2065,67.76,23.0
773,"Nov 25, 2020",P037H2072,63.19,11.0
774,"Nov 25, 2020",3630H2620,112.57,5.0
775,"Nov 25, 2020",-232H1247,116.56,5.0
776,"Nov 25, 2020",3637H0607,98.68,5.0
777,"Nov 25, 2020",M630H8980,39.99,960.0
778,"Nov 25, 2020",M735H7159,48.75,1309.0
779,"Nov 25, 2020",P037H2071,63.19,7.0
780,"Nov 25, 2020",P036H2062,63.19,18.0
781,"Nov 24, 2020",P036H2066,68.03,16.0
782,"Nov 24, 2020",P036H2065,72.44,17.0
783,"Nov 24, 2020",M735H7159,49.01,1383.0
784,"Nov 24, 2020",P036H2062,63.19,13.0
785,"Nov 24, 2020",P037H2071,63.19,5.0
786,"Nov 24, 2020",3637H1617,127.18,5.0
787,"Nov 24, 2020",M630H8980,46.75,428.0
788,"Nov 24, 2020",3630H2620,112.57,5.0
789,"Nov 24, 2020",-233H1277,98.68,5.0
790,"Nov 23, 2020",P037H2071,63.19,5.0
791,"Nov 23, 2020",P036H2066,68.03,8.0
792,"Nov 23, 2020",M630H8980,50.42,283.0
793,"Nov 23, 2020",P036H2065,72.44,14.0
794,"Nov 23, 2020",M735H7159,48.47,1013.0
795,"Nov 23, 2020",P036H2062,63.19,15.0
796,"Nov 23, 2020",P037H2072,63.19,6.0
797,"Nov 23, 2020",2734H9994,24.11,5.0
798,"Nov 23, 2020",-233H1278,98.68,6.0
799,"Nov 23, 2020",P036H2067,80.29,5.0
800,"Nov 22, 2020",P036H2066,68.03,12.0
801,"Nov 22, 2020",-233H1279,98.68,6.0
802,"Nov 22, 2020",P037H2072,63.19,5.0
803,"Nov 22, 2020",P036H2062,53.38,13.0
804,"Nov 22, 2020",P037H2071,63.19,6.0
805,"Nov 22, 2020",M735H7159,47.98,1106.0
806,"Nov 22, 2020",P036H2068,93.2,5.0
807,"Nov 22, 2020",P036H2067,80.29,5.0
808,"Nov 22, 2020",P036H2065,72.44,18.0
809,"Nov 22, 2020",M630H8980,53.76,243.0
810,"Nov 21, 2020",P036H2066,68.03,14.0
811,"Nov 21, 2020",M735H7159,47.39,877.0
812,"Nov 21, 2020",-233H1278,98.68,5.0
813,"Nov 21, 2020",P037H2071,63.19,8.0
814,"Nov 21, 2020",P037H2072,63.19,8.0
815,"Nov 21, 2020",P036H2065,72.44,11.0
816,"Nov 21, 2020",P036H2062,59.07,24.0
817,"Nov 21, 2020",M630H8980,54.62,190.0
818,"Nov 20, 2020",-233H1279,98.68,5.0
819,"Nov 20, 2020",P036H2066,68.03,9.0
820,"Nov 20, 2020",-233H1277,98.68,5.0
821,"Nov 20, 2020",P036H2065,66.23,18.0
822,"Nov 20, 2020",M630H8980,52.8,216.0
823,"Nov 20, 2020",P037H2072,63.19,5.0
824,"Nov 20, 2020",M735H7159,47.76,976.0
825,"Nov 20, 2020",P037H2071,63.19,5.0
826,"Nov 20, 2020",2734H9994,24.11,5.0
827,"Nov 20, 2020",P036H2062,63.19,12.0
828,"Nov 20, 2020",P036H2067,80.29,5.0
829,"Nov 19, 2020",3635H0605,98.68,5.0
830,"Nov 19, 2020",P036H2066,60.05,9.0
831,"Nov 19, 2020",2734H9994,24.11,6.0
832,"Nov 19, 2020",M630H8980,51.91,212.0
833,"Nov 19, 2020",P036H2065,72.44,19.0
834,"Nov 19, 2020",-232H1243,116.56,5.0
835,"Nov 19, 2020",-233H1277,98.68,7.0
836,"Nov 19, 2020",P037H2072,63.19,5.0
837,"Nov 19, 2020",P036H2062,60.38,18.0
838,"Nov 19, 2020",P037H2071,63.19,8.0
839,"Nov 19, 2020",P036H2067,80.29,6.0
840,"Nov 19, 2020",M735H7159,42.47,3998.0
841,"Nov 18, 2020",2734H9994,24.11,7.0
842,"Nov 18, 2020",P036H2066,60.05,15.0
843,"Nov 18, 2020",P036H2065,72.44,11.0
844,"Nov 18, 2020",-233H1277,98.68,5.0
845,"Nov 18, 2020",M735H7159,40.68,7703.0
846,"Nov 18, 2020",P037H2072,49.6,7.0
847,"Nov 18, 2020",P037H2071,63.19,5.0
848,"Nov 18, 2020",P036H2062,63.19,13.0
849,"Nov 18, 2020",M630H8980,52.84,219.0
850,"Nov 18, 2020",P036H2067,80.29,5.0
851,"Nov 17, 2020",M630H8980,51.82,224.0
852,"Nov 17, 2020",P036H2066,68.03,9.0
853,"Nov 17, 2020",M735H7159,48.77,954.0
854,"Nov 17, 2020",-233H1279,98.68,5.0
855,"Nov 17, 2020",-233H1278,98.68,5.0
856,"Nov 17, 2020",P037H2072,63.19,5.0
857,"Nov 17, 2020",P036H2065,72.44,17.0
858,"Nov 17, 2020",3630H2620,112.57,5.0
859,"Nov 17, 2020",2734H9994,24.11,5.0
860,"Nov 17, 2020",P037H2071,63.19,8.0
861,"Nov 17, 2020",P036H2062,63.19,22.0
862,"Nov 17, 2020",3636H1616,127.18,5.0
863,"Nov 17, 2020",P036H2067,80.29,7.0
864,"Nov 16, 2020",P036H2066,68.03,7.0
865,"Nov 16, 2020",M630H8980,53.65,239.0
866,"Nov 16, 2020",-233H1278,98.68,6.0
867,"Nov 16, 2020",M735H7159,48.29,1050.0
868,"Nov 16, 2020",P036H2065,72.44,17.0
869,"Nov 16, 2020",P037H2072,63.19,7.0
870,"Nov 16, 2020",P036H2062,60.92,22.0
871,"Nov 16, 2020",3636H1616,127.18,5.0
872,"Nov 16, 2020",2734H9994,24.11,5.0
873,"Nov 16, 2020",P037H2071,63.19,5.0
874,"Nov 16, 2020",P036H2067,80.29,5.0
875,"Nov 15, 2020",P036H2066,74.31,5.0
876,"Nov 15, 2020",P037H2072,66.52,5.0
877,"Nov 15, 2020",P036H2065,76.41,13.0
878,"Nov 15, 2020",M735H7159,53.44,333.0
879,"Nov 15, 2020",M630H8980,55.39,149.0
880,"Nov 15, 2020",P037H2071,66.52,5.0
881,"Nov 15, 2020",P036H2062,66.52,9.0
882,"Nov 14, 2020",3637H0607,106.03,5.0
883,"Nov 14, 2020",P036H2066,65.95,9.0
884,"Nov 14, 2020",M735H7159,55.4,311.0
885,"Nov 14, 2020",P036H2065,68.02,15.0
886,"Nov 14, 2020",-233H1278,106.03,5.0
887,"Nov 14, 2020",P037H2071,66.52,5.0
888,"Nov 14, 2020",P036H2062,66.52,9.0
889,"Nov 14, 2020",M630H8980,53.65,138.0
890,"Nov 13, 2020",P036H2067,82.97,5.0
891,"Nov 13, 2020",M735H7159,54.64,302.0
892,"Nov 13, 2020",P036H2065,76.5,15.0
893,"Nov 13, 2020",M630H8980,52.85,125.0
894,"Nov 13, 2020",P036H2062,63.64,18.0
895,"Nov 13, 2020",P037H2072,49.2,9.0
896,"Nov 13, 2020",P036H2068,96.01,5.0
897,"Nov 12, 2020",P036H2066,74.31,7.0
898,"Nov 12, 2020",M735H7159,54.71,396.0
899,"Nov 12, 2020",P036H2065,76.5,12.0
900,"Nov 12, 2020",P037H2072,66.52,5.0
901,"Nov 12, 2020",P036H2062,58.63,9.0
902,"Nov 12, 2020",M630H8980,56.21,172.0
903,"Nov 12, 2020",P037H2071,66.52,5.0
904,"Nov 12, 2020",P036H2067,82.97,5.0
905,"Nov 11, 2020",P036H2066,74.31,9.0
906,"Nov 11, 2020",M630H8980,53.91,238.0
907,"Nov 11, 2020",3637H1617,106.04,6.0
908,"Nov 11, 2020",P036H2065,73.14,17.0
909,"Nov 11, 2020",M735H7159,54.64,711.0
910,"Nov 11, 2020",2734H9994,24.11,5.0
911,"Nov 11, 2020",P037H2072,66.52,7.0
912,"Nov 11, 2020",P037H2071,56.45,8.0
913,"Nov 11, 2020",P036H2062,66.52,12.0
914,"Nov 10, 2020",P036H2066,74.31,6.0
915,"Nov 10, 2020",M735H7159,55.47,403.0
916,"Nov 10, 2020",-232H1247,118.46,5.0
917,"Nov 10, 2020",P036H2065,76.5,14.0
918,"Nov 10, 2020",P037H2072,66.52,5.0
919,"Nov 10, 2020",M630H8980,55.52,190.0
920,"Nov 10, 2020",P037H2071,43.64,6.0
921,"Nov 10, 2020",P036H2062,66.52,15.0
922,"Nov 10, 2020",P036H2067,82.97,5.0
923,"Nov 9, 2020",M735H7159,54.93,399.0
924,"Nov 9, 2020",P036H2066,74.31,6.0
925,"Nov 9, 2020",P036H2065,76.5,11.0
926,"Nov 9, 2020",P037H2072,66.52,5.0
927,"Nov 9, 2020",P036H2062,66.52,9.0
928,"Nov 9, 2020",P037H2071,66.52,7.0
929,"Nov 9, 2020",M630H8980,55.04,187.0
930,"Nov 9, 2020",2734H9994,24.11,5.0
931,"Nov 8, 2020",M735H7159,52.5,383.0
932,"Nov 8, 2020",P036H2066,74.31,6.0
933,"Nov 8, 2020",-232H1243,118.46,5.0
934,"Nov 8, 2020",P036H2065,72.44,15.0
935,"Nov 8, 2020",P036H2062,60.03,11.0
936,"Nov 8, 2020",M630H8980,54.5,194.0
937,"Nov 8, 2020",2734H9994,24.11,5.0
938,"Nov 7, 2020",P036H2066,74.31,8.0
939,"Nov 7, 2020",M630H8980,54.25,159.0
940,"Nov 7, 2020",M735H7159,54.42,318.0
941,"Nov 7, 2020",-232H1247,118.46,5.0
942,"Nov 7, 2020",P037H2072,66.52,5.0
943,"Nov 7, 2020",P036H2065,76.5,11.0
944,"Nov 7, 2020",P036H2062,66.52,8.0
945,"Nov 7, 2020",P037H2071,66.52,5.0
946,"Nov 7, 2020",P036H2067,82.97,5.0
947,"Nov 6, 2020",M735H7159,51.83,384.0
948,"Nov 6, 2020",M630H8980,54.28,160.0
949,"Nov 6, 2020",P036H2062,43.64,13.0
950,"Nov 6, 2020",P036H2065,71.97,14.0
951,"Nov 6, 2020",P037H2071,66.52,6.0
952,"Nov 5, 2020",P036H2066,74.31,5.0
953,"Nov 5, 2020",2734H9994,24.11,5.0
954,"Nov 5, 2020",M630H8980,55.02,158.0
955,"Nov 5, 2020",M735H7159,53.35,469.0
956,"Nov 5, 2020",P036H2065,76.5,13.0
957,"Nov 5, 2020",P036H2062,66.52,7.0
958,"Nov 5, 2020",3630H2620,114.6,5.0
959,"Nov 4, 2020",M735H7159,52.67,521.0
960,"Nov 4, 2020",P036H2066,74.31,8.0
961,"Nov 4, 2020",P037H2072,43.64,6.0
962,"Nov 4, 2020",P036H2062,66.52,11.0
963,"Nov 4, 2020",M630H8980,53.09,207.0
964,"Nov 4, 2020",3630H2620,114.6,5.0
965,"Nov 4, 2020",P037H2071,66.52,5.0
966,"Nov 4, 2020",2734H9994,24.11,5.0
967,"Nov 4, 2020",P036H2068,96.01,5.0
968,"Nov 4, 2020",P036H2065,76.5,11.0
969,"Nov 3, 2020",M735H7159,53.69,694.0
970,"Nov 3, 2020",P036H2066,59.5,11.0
971,"Nov 3, 2020",P036H2065,76.5,8.0
972,"Nov 3, 2020",M630H8980,54.42,283.0
973,"Nov 3, 2020",P037H2072,66.52,5.0
974,"Nov 3, 2020",P036H2062,66.52,7.0
975,"Nov 3, 2020",P037H2071,66.52,5.0
976,"Nov 2, 2020",P036H2066,74.31,9.0
977,"Nov 2, 2020",3637H1617,140.36,5.0
978,"Nov 2, 2020",M735H7159,53.87,658.0
979,"Nov 2, 2020",P036H2065,76.5,15.0
980,"Nov 2, 2020",M630H8980,54.14,187.0
981,"Nov 2, 2020",-233H1278,106.03,5.0
982,"Nov 2, 2020",P037H2071,66.52,6.0
983,"Nov 2, 2020",P036H2062,66.52,12.0
984,"Nov 2, 2020",P036H2067,82.97,5.0
985,"Nov 1, 2020",P036H2066,74.31,11.0
986,"Nov 1, 2020",M735H7159,52.62,523.0
987,"Nov 1, 2020",M630H8980,50.41,215.0
988,"Nov 1, 2020",P036H2065,76.5,9.0
989,"Nov 1, 2020",P037H2072,66.52,5.0
990,"Nov 1, 2020",P037H2071,66.52,5.0
991,"Nov 1, 2020",P036H2062,66.52,5.0
992,"Nov 1, 2020",P036H2067,82.97,5.0
993,"Oct 31, 2020",P036H2065,76.5,9.0
994,"Oct 31, 2020",M630H8980,52.75,154.0
995,"Oct 31, 2020",P036H2066,63.63,8.0
996,"Oct 31, 2020",M735H7159,53.86,637.0
997,"Oct 31, 2020",P037H2072,66.52,5.0
998,"Oct 31, 2020",P036H2062,60.03,11.0
999,"Oct 30, 2020",M735H7159,52.85,733.0
1000,"Oct 30, 2020",P036H2066,74.31,5.0
1001,"Oct 30, 2020",M630H8980,52.06,166.0
1002,"Oct 30, 2020",P037H2071,66.52,5.0
1003,"Oct 30, 2020",P036H2065,76.5,5.0
1004,"Oct 30, 2020",P036H2062,66.52,6.0
1005,"Oct 29, 2020",M735H7159,53.75,1021.0
1006,"Oct 29, 2020",P036H2066,74.31,8.0
1007,"Oct 29, 2020",P036H2065,71.37,13.0
1008,"Oct 29, 2020",-232H1243,118.46,5.0
1009,"Oct 29, 2020",P036H2062,66.52,5.0
1010,"Oct 29, 2020",M630H8980,55.87,143.0
1011,"Oct 29, 2020",P036H2067,82.97,5.0
1012,"Oct 28, 2020",P036H2066,74.31,6.0
1013,"Oct 28, 2020",M735H7159,54.21,1003.0
1014,"Oct 28, 2020",P036H2065,76.5,5.0
1015,"Oct 28, 2020",P037H2072,66.52,5.0
1016,"Oct 28, 2020",P036H2062,66.52,5.0
1017,"Oct 28, 2020",M630H8980,54.1,111.0
1018,"Oct 27, 2020",P036H2066,74.31,5.0
1019,"Oct 27, 2020",M735H7159,52.45,514.0
1020,"Oct 27, 2020",P036H2065,68.02,9.0
1021,"Oct 27, 2020",P036H2062,66.52,5.0
1022,"Oct 27, 2020",M630H8980,54.69,130.0
1023,"Oct 27, 2020",P037H2071,66.52,5.0
1024,"Oct 26, 2020",M735H7159,53.64,670.0
1025,"Oct 26, 2020",P036H2065,76.5,11.0
1026,"Oct 26, 2020",P036H2062,66.52,5.0
1027,"Oct 26, 2020",M630H8980,55.14,135.0
1028,"Oct 25, 2020",P036H2066,74.31,5.0
1029,"Oct 25, 2020",M735H7159,53.56,547.0
1030,"Oct 25, 2020",P036H2065,76.5,6.0
1031,"Oct 25, 2020",P036H2062,58.63,9.0
1032,"Oct 25, 2020",P037H2072,66.52,5.0
1033,"Oct 25, 2020",M630H8980,54.99,129.0
1034,"Oct 25, 2020",P037H2071,66.52,7.0
1035,"Oct 24, 2020",P036H2066,74.31,6.0
1036,"Oct 24, 2020",P036H2065,76.5,6.0
1037,"Oct 24, 2020",M735H7159,53.8,497.0
1038,"Oct 24, 2020",M630H8980,51.01,106.0
1039,"Oct 24, 2020",P037H2071,66.52,5.0
1040,"Oct 24, 2020",P036H2067,82.97,6.0
1041,"Oct 23, 2020",P036H2066,74.31,5.0
1042,"Oct 23, 2020",M735H7159,54.13,520.0
1043,"Oct 23, 2020",P036H2065,76.5,9.0
1044,"Oct 23, 2020",M630H8980,55.62,93.0
1045,"Oct 22, 2020",P036H2066,74.31,5.0
1046,"Oct 22, 2020",M735H7159,54.14,747.0
1047,"Oct 22, 2020",M630H8980,56.55,95.0
1048,"Oct 22, 2020",P036H2062,66.52,7.0
1049,"Oct 22, 2020",P036H2065,76.5,8.0
1050,"Oct 21, 2020",P036H2066,74.31,6.0
1051,"Oct 21, 2020",M735H7159,54.19,701.0
1052,"Oct 21, 2020",P036H2065,76.5,8.0
1053,"Oct 21, 2020",M630H8980,54.73,131.0
1054,"Oct 21, 2020",P036H2062,66.52,6.0
1055,"Oct 21, 2020",P036H2067,82.97,5.0
1056,"Oct 20, 2020",P036H2066,74.31,6.0
1057,"Oct 20, 2020",M735H7159,53.3,874.0
1058,"Oct 20, 2020",P036H2065,76.5,7.0
1059,"Oct 20, 2020",3637H1617,140.36,5.0
1060,"Oct 20, 2020",3630H2620,114.6,5.0
1061,"Oct 20, 2020",M630H8980,54.93,167.0
1062,"Oct 20, 2020",P037H2071,66.52,5.0
1063,"Oct 20, 2020",P036H2062,66.52,7.0
1064,"Oct 20, 2020",-233H1278,106.03,5.0
1065,"Oct 19, 2020",P036H2066,74.31,7.0
1066,"Oct 19, 2020",M735H7159,55.99,773.0
1067,"Oct 19, 2020",-233H1277,106.03,5.0
1068,"Oct 19, 2020",P036H2065,76.5,11.0
1069,"Oct 19, 2020",P037H2072,66.52,5.0
1070,"Oct 19, 2020",P036H2062,47.67,12.0
1071,"Oct 19, 2020",M630H8980,54.23,158.0
1072,"Oct 19, 2020",P037H2071,52.56,7.0
1073,"Oct 18, 2020",P036H2066,74.31,7.0
1074,"Oct 18, 2020",-233H1278,106.03,5.0
1075,"Oct 18, 2020",P036H2065,76.5,12.0
1076,"Oct 18, 2020",M735H7159,64.79,537.0
1077,"Oct 18, 2020",3630H2620,114.6,5.0
1078,"Oct 18, 2020",P037H2071,66.52,5.0
1079,"Oct 18, 2020",M630H8980,54.97,183.0
1080,"Oct 18, 2020",P036H2062,56.45,8.0
1081,"Oct 18, 2020",P036H2067,82.97,6.0
1082,"Oct 17, 2020",M735H7159,65.04,384.0
1083,"Oct 17, 2020",P036H2065,76.5,9.0
1084,"Oct 17, 2020",-233H1277,106.03,5.0
1085,"Oct 17, 2020",P037H2072,66.52,5.0
1086,"Oct 17, 2020",P036H2062,52.56,7.0
1087,"Oct 17, 2020",M630H8980,52.91,151.0
1088,"Oct 17, 2020",P037H2071,66.52,6.0
1089,"Oct 16, 2020",M630H8980,54.96,154.0
1090,"Oct 16, 2020",P036H2066,74.31,6.0
1091,"Oct 16, 2020",P036H2065,76.5,9.0
1092,"Oct 16, 2020",M735H7159,64.81,450.0
1093,"Oct 16, 2020",P037H2072,66.52,5.0
1094,"Oct 16, 2020",3630H2620,114.6,5.0
1095,"Oct 16, 2020",P037H2071,66.52,5.0
1096,"Oct 15, 2020",M735H7159,64.71,653.0
1097,"Oct 15, 2020",3637H1617,140.36,5.0
1098,"Oct 15, 2020",P036H2065,70.59,12.0
1099,"Oct 15, 2020",M630H8980,55.14,150.0
1100,"Oct 15, 2020",P036H2062,66.52,6.0
1101,"Oct 15, 2020",P037H2071,58.63,9.0
1102,"Oct 14, 2020",P036H2066,74.31,8.0
1103,"Oct 14, 2020",P036H2065,76.5,11.0
1104,"Oct 14, 2020",M735H7159,64.07,583.0
1105,"Oct 14, 2020",P036H2062,66.52,12.0
1106,"Oct 14, 2020",P037H2071,66.52,6.0
1107,"Oct 14, 2020",M630H8980,55.57,212.0
1108,"Oct 13, 2020",P036H2066,74.31,5.0
1109,"Oct 13, 2020",P037H2071,66.52,6.0
1110,"Oct 13, 2020",M735H7159,64.06,630.0
1111,"Oct 13, 2020",P036H2065,76.5,13.0
1112,"Oct 13, 2020",M630H8980,55.23,231.0
1113,"Oct 13, 2020",P037H2072,66.52,6.0
1114,"Oct 13, 2020",P036H2062,61.02,12.0
1115,"Oct 12, 2020",M630H8980,56.32,235.0
1116,"Oct 12, 2020",P036H2066,74.31,6.0
1117,"Oct 12, 2020",P036H2065,76.5,12.0
1118,"Oct 12, 2020",M735H7159,64.61,376.0
1119,"Oct 12, 2020",P036H2062,66.52,7.0
1120,"Oct 12, 2020",P037H2071,66.52,5.0
1121,"Oct 11, 2020",P036H2066,74.31,6.0
1122,"Oct 11, 2020",P037H2072,66.52,5.0
1123,"Oct 11, 2020",M630H8980,55.29,189.0
1124,"Oct 11, 2020",P037H2071,66.52,6.0
1125,"Oct 11, 2020",M735H7159,64.95,316.0
1126,"Oct 11, 2020",P036H3064,131.88,5.0
1127,"Oct 11, 2020",P036H2062,66.52,12.0
1128,"Oct 10, 2020",P036H2066,74.31,11.0
1129,"Oct 10, 2020",M735H7159,65.47,312.0
1130,"Oct 10, 2020",P036H2062,66.52,6.0
1131,"Oct 10, 2020",P037H2072,66.52,5.0
1132,"Oct 10, 2020",P037H2071,66.52,5.0
1133,"Oct 10, 2020",P036H2067,82.97,5.0
1134,"Oct 10, 2020",M630H8980,53.28,206.0
1135,"Oct 9, 2020",P036H2066,74.31,8.0
1136,"Oct 9, 2020",P036H2065,61.47,7.0
1137,"Oct 9, 2020",M735H7159,64.74,278.0
1138,"Oct 9, 2020",P037H2072,66.52,5.0
1139,"Oct 9, 2020",M630H8980,52.41,168.0
1140,"Oct 9, 2020",P036H2062,61.02,12.0
1141,"Oct 8, 2020",P036H2066,74.31,7.0
1142,"Oct 8, 2020",M735H7159,64.55,366.0
1143,"Oct 8, 2020",-233H1278,106.03,5.0
1144,"Oct 8, 2020",P036H2062,59.4,16.0
1145,"Oct 8, 2020",P037H2071,66.52,5.0
1146,"Oct 8, 2020",M630H8980,54.79,198.0
1147,"Oct 8, 2020",P036H2067,82.97,5.0
1148,"Oct 7, 2020",P036H2066,55.92,9.0
1149,"Oct 7, 2020",M735H7159,63.65,494.0
1150,"Oct 7, 2020",P037H2072,66.52,5.0
1151,"Oct 7, 2020",P036H2062,49.2,9.0
1152,"Oct 7, 2020",P037H2071,66.52,5.0
1153,"Oct 7, 2020",M630H8980,55.86,222.0
1154,"Oct 7, 2020",P036H2067,82.97,6.0
1155,"Oct 6, 2020",3637H1617,140.36,5.0
1156,"Oct 6, 2020",P036H2066,74.31,6.0
1157,"Oct 6, 2020",P037H2072,66.52,5.0
1158,"Oct 6, 2020",M735H7159,63.86,568.0
1159,"Oct 6, 2020",P036H2062,66.52,8.0
1160,"Oct 6, 2020",M630H8980,55.64,235.0
1161,"Oct 5, 2020",P036H2066,74.31,8.0
1162,"Oct 5, 2020",P036H2065,76.5,8.0
1163,"Oct 5, 2020",M735H7159,63.32,493.0
1164,"Oct 5, 2020",P037H2072,66.52,5.0
1165,"Oct 5, 2020",P036H2062,66.52,8.0
1166,"Oct 5, 2020",3637H0607,106.03,5.0
1167,"Oct 5, 2020",P037H2071,52.56,7.0
1168,"Oct 5, 2020",M630H8980,52.8,276.0
1169,"Oct 5, 2020",P036H2067,82.97,5.0
1170,"Oct 4, 2020",M630H8980,54.45,226.0
1171,"Oct 4, 2020",M735H7159,66.35,205.0
1172,"Oct 4, 2020",P036H2066,69.25,13.0
1173,"Oct 4, 2020",P036H2065,76.5,8.0
1174,"Oct 4, 2020",P037H2072,66.52,5.0
1175,"Oct 4, 2020",P037H2071,66.52,9.0
1176,"Oct 4, 2020",P036H2062,66.52,9.0
1177,"Oct 3, 2020",P036H2066,74.31,5.0
1178,"Oct 3, 2020",M735H7159,64.58,153.0
1179,"Oct 3, 2020",P036H2065,76.5,12.0
1180,"Oct 3, 2020",P037H2072,66.52,5.0
1181,"Oct 3, 2020",P037H2071,66.52,5.0
1182,"Oct 3, 2020",P036H2062,43.64,11.0
1183,"Oct 3, 2020",M630H8980,51.73,231.0
1184,"Oct 2, 2020",P036H2066,74.31,5.0
1185,"Oct 2, 2020",M735H7159,63.63,201.0
1186,"Oct 2, 2020",P036H2065,76.5,12.0
1187,"Oct 2, 2020",P036H2062,66.52,11.0
1188,"Oct 2, 2020",P037H2072,66.52,5.0
1189,"Oct 2, 2020",P037H2071,66.52,8.0
1190,"Oct 2, 2020",M630H8980,53.96,240.0
1191,"Oct 1, 2020",M735H7159,65.67,238.0
1192,"Oct 1, 2020",M630H8980,51.92,245.0
1193,"Oct 1, 2020",P036H2066,74.31,8.0
1194,"Oct 1, 2020",P037H2072,66.52,5.0
1195,"Oct 1, 2020",P036H2065,76.5,11.0
1196,"Oct 1, 2020",P036H2062,66.52,9.0
1197,"Oct 1, 2020",P037H2071,66.52,5.0
1198,"Sep 30, 2020",M735H7159,62.16,221.0
1199,"Sep 30, 2020",P036H2066,74.31,7.0
1200,"Sep 30, 2020",M630H8980,55.85,201.0
1201,"Sep 30, 2020",P036H2065,68.02,9.0
1202,"Sep 30, 2020",P037H2072,66.52,6.0
1203,"Sep 30, 2020",P037H2071,66.52,7.0
1204,"Sep 30, 2020",P036H2062,66.52,8.0
1205,"Sep 30, 2020",-233H1278,106.03,5.0
1206,"Sep 30, 2020",P036H2067,82.97,5.0
1207,"Sep 29, 2020",M630H8980,55.24,232.0
1208,"Sep 29, 2020",M735H7159,65.16,331.0
1209,"Sep 29, 2020",P036H2066,74.31,8.0
1210,"Sep 29, 2020",P036H2065,76.5,9.0
1211,"Sep 29, 2020",-233H1278,106.03,5.0
1212,"Sep 29, 2020",-232H1243,118.46,5.0
1213,"Sep 29, 2020",P036H2062,66.52,9.0
1214,"Sep 29, 2020",P037H2071,66.52,11.0
1215,"Sep 29, 2020",3637H1617,140.36,5.0
1216,"Sep 29, 2020",P036H2067,82.97,5.0
1217,"Sep 28, 2020",M630H8980,54.62,275.0
1218,"Sep 28, 2020",P036H2066,65.95,9.0
1219,"Sep 28, 2020",M735H7159,66.39,493.0
1220,"Sep 28, 2020",P036H2065,76.5,13.0
1221,"Sep 28, 2020",P036H2062,66.52,8.0
1222,"Sep 28, 2020",P037H2071,66.52,8.0
1223,"Sep 28, 2020",P036H2067,82.97,5.0
1224,"Sep 27, 2020",P036H2066,74.31,7.0
1225,"Sep 27, 2020",M735H7159,66.87,330.0
1226,"Sep 27, 2020",P036H2065,76.5,8.0
1227,"Sep 27, 2020",P037H2072,66.52,6.0
1228,"Sep 27, 2020",P037H2071,66.52,5.0
1229,"Sep 27, 2020",P036H2062,66.52,11.0
1230,"Sep 27, 2020",P036H2068,96.01,5.0
1231,"Sep 27, 2020",M630H8980,54.62,250.0
1232,"Sep 27, 2020",P036H2067,82.97,5.0
1233,"Sep 26, 2020",M735H7159,65.35,147.0
1234,"Sep 26, 2020",P036H2066,74.31,6.0
1235,"Sep 26, 2020",P036H2065,71.37,13.0
1236,"Sep 26, 2020",P037H2072,66.52,5.0
1237,"Sep 26, 2020",P037H2071,66.52,5.0
1238,"Sep 26, 2020",M630H8980,53.87,185.0
1239,"Sep 26, 2020",P036H2062,66.52,9.0
1240,"Sep 25, 2020",P036H2066,74.31,9.0
1241,"Sep 25, 2020",P036H2065,76.5,8.0
1242,"Sep 25, 2020",-232H1243,118.46,5.0
1243,"Sep 25, 2020",P037H2072,52.56,7.0
1244,"Sep 25, 2020",M735H7159,64.52,260.0
1245,"Sep 25, 2020",P037H2071,66.52,6.0
1246,"Sep 25, 2020",P036H2062,56.45,8.0
1247,"Sep 25, 2020",M630H8980,54.1,175.0
1248,"Sep 24, 2020",P036H2066,74.31,7.0
1249,"Sep 24, 2020",M630H8980,55.16,210.0
1250,"Sep 24, 2020",M735H7159,66.98,321.0
1251,"Sep 24, 2020",-233H1278,106.03,5.0
1252,"Sep 24, 2020",-233H1277,106.03,5.0
1253,"Sep 24, 2020",P036H2065,71.97,14.0
1254,"Sep 24, 2020",P037H2072,66.52,5.0
1255,"Sep 24, 2020",P036H2062,66.52,8.0
1256,"Sep 23, 2020",P036H2066,74.31,8.0
1257,"Sep 23, 2020",M735H7159,66.95,237.0
1258,"Sep 23, 2020",3637H1617,140.36,5.0
1259,"Sep 23, 2020",P036H2065,76.5,12.0
1260,"Sep 23, 2020",P037H2072,66.52,5.0
1261,"Sep 23, 2020",P036H2062,62.73,15.0
1262,"Sep 23, 2020",M630H8980,54.47,204.0
1263,"Sep 23, 2020",3630H2620,114.6,5.0
1264,"Sep 22, 2020",M735H7159,64.87,221.0
1265,"Sep 22, 2020",P036H2066,74.31,5.0
1266,"Sep 22, 2020",3637H1617,140.36,6.0
1267,"Sep 22, 2020",P036H2065,76.5,17.0
1268,"Sep 22, 2020",P036H2062,66.52,6.0
1269,"Sep 22, 2020",P037H2071,66.52,5.0
1270,"Sep 22, 2020",M630H8980,52.57,242.0
1271,"Sep 21, 2020",P036H2066,74.31,6.0
1272,"Sep 21, 2020",M735H7159,63.97,142.0
1273,"Sep 21, 2020",P036H2065,76.5,15.0
1274,"Sep 21, 2020",-233H1279,106.03,5.0
1275,"Sep 21, 2020",P036H2062,66.52,12.0
1276,"Sep 21, 2020",P037H2071,66.52,5.0
1277,"Sep 21, 2020",M630H8980,54.4,223.0
1278,"Sep 20, 2020",M735H7159,64.73,121.0
1279,"Sep 20, 2020",P036H2066,74.31,7.0
1280,"Sep 20, 2020",-233H1278,106.03,5.0
1281,"Sep 20, 2020",P036H2065,71.69,23.0
1282,"Sep 20, 2020",M630H8980,53.21,221.0
1283,"Sep 20, 2020",P036H2062,55.41,16.0
1284,"Sep 20, 2020",P037H2071,66.52,9.0
1285,"Sep 19, 2020",M735H7159,66.95,120.0
1286,"Sep 19, 2020",P036H2066,49.99,11.0
1287,"Sep 19, 2020",P036H2065,76.5,12.0
1288,"Sep 19, 2020",P036H2062,43.64,6.0
1289,"Sep 19, 2020",P037H2071,66.52,6.0
1290,"Sep 19, 2020",M630H8980,51.91,202.0
1291,"Sep 18, 2020",P036H2066,74.31,9.0
1292,"Sep 18, 2020",M630H8980,57.24,165.0
1293,"Sep 18, 2020",M735H7159,66.46,165.0
1294,"Sep 18, 2020",P036H2065,70.59,12.0
1295,"Sep 18, 2020",P036H2062,66.52,9.0
1296,"Sep 18, 2020",P037H2071,66.52,6.0
1297,"Sep 17, 2020",M735H7159,66.02,151.0
1298,"Sep 17, 2020",P036H2066,74.31,5.0
1299,"Sep 17, 2020",M630H8980,58.91,142.0
1300,"Sep 17, 2020",P036H2065,76.5,8.0
1301,"Sep 17, 2020",P037H2072,43.64,6.0
1302,"Sep 17, 2020",P036H2062,60.03,11.0
1303,"Sep 17, 2020",P036H3063,131.88,5.0
1304,"Sep 17, 2020",P037H2071,66.52,7.0
1305,"Sep 16, 2020",P036H2066,74.31,5.0
1306,"Sep 16, 2020",P036H3064,131.88,6.0
1307,"Sep 16, 2020",M735H7159,67.71,133.0
1308,"Sep 16, 2020",P036H2065,71.37,13.0
1309,"Sep 16, 2020",P036H2062,66.52,6.0
1310,"Sep 16, 2020",P037H2072,66.52,6.0
1311,"Sep 16, 2020",M630H8980,59.5,157.0
1312,"Sep 16, 2020",P037H2071,66.52,7.0
1313,"Sep 15, 2020",P036H2066,74.31,5.0
1314,"Sep 15, 2020",M735H7159,67.1,139.0
1315,"Sep 15, 2020",M630H8980,57.11,194.0
1316,"Sep 15, 2020",P036H2065,72.44,15.0
1317,"Sep 15, 2020",-233H1277,106.03,5.0
1318,"Sep 15, 2020",P037H2071,66.52,7.0
1319,"Sep 15, 2020",P036H2062,66.52,15.0
1320,"Sep 14, 2020",M735H7159,64.84,192.0
1321,"Sep 14, 2020",P036H2066,74.31,8.0
1322,"Sep 14, 2020",P036H2065,71.37,22.0
1323,"Sep 14, 2020",M630H8980,60.22,170.0
1324,"Sep 14, 2020",P037H2071,66.52,6.0
1325,"Sep 14, 2020",P036H2062,66.52,13.0
1326,"Sep 13, 2020",M735H7159,68.03,18.0
1327,"Sep 13, 2020",P036H2065,76.5,12.0
1328,"Sep 13, 2020",-233H1277,106.03,6.0
1329,"Sep 13, 2020",P037H2072,66.52,7.0
1330,"Sep 13, 2020",P036H2062,58.63,15.0
1331,"Sep 13, 2020",M630H8980,59.39,166.0
1332,"Sep 13, 2020",P037H2071,66.52,6.0
1333,"Sep 12, 2020",M630H8980,57.99,162.0
1334,"Sep 12, 2020",M735H7159,68.03,21.0
1335,"Sep 12, 2020",P036H2066,74.31,5.0
1336,"Sep 12, 2020",P036H2065,76.5,7.0
1337,"Sep 12, 2020",P037H2072,66.52,5.0
1338,"Sep 12, 2020",P037H2071,52.56,7.0
1339,"Sep 12, 2020",P036H2062,64.57,25.0
1340,"Sep 12, 2020",-233H1279,106.03,5.0
1341,"Sep 11, 2020",M735H7159,68.03,18.0
1342,"Sep 11, 2020",P036H2066,74.31,6.0
1343,"Sep 11, 2020",M630H8980,58.08,167.0
1344,"Sep 11, 2020",P036H2065,76.5,11.0
1345,"Sep 11, 2020",P037H2072,66.52,6.0
1346,"Sep 11, 2020",P037H2071,66.52,6.0
1347,"Sep 11, 2020",P036H2062,66.52,17.0
1348,"Sep 10, 2020",3637H1617,140.36,5.0
1349,"Sep 10, 2020",M735H7159,68.03,34.0
1350,"Sep 10, 2020",-233H1277,106.03,5.0
1351,"Sep 10, 2020",P036H2065,76.5,12.0
1352,"Sep 10, 2020",P037H2072,52.56,7.0
1353,"Sep 10, 2020",P037H2071,66.52,9.0
1354,"Sep 10, 2020",3630H2620,114.6,5.0
1355,"Sep 10, 2020",M630H8980,55.74,188.0
1356,"Sep 10, 2020",P036H2062,57.67,34.0
1357,"Sep 9, 2020",M735H7159,68.03,26.0
1358,"Sep 9, 2020",P036H2065,76.5,13.0
1359,"Sep 9, 2020",-233H1279,106.03,5.0
1360,"Sep 9, 2020",-233H1278,106.03,5.0
1361,"Sep 9, 2020",-233H1277,106.03,5.0
1362,"Sep 9, 2020",M630H8980,60.07,158.0
1363,"Sep 9, 2020",P036H2062,62.3,24.0
1364,"Sep 9, 2020",P037H2071,66.52,9.0
1365,"Sep 8, 2020",M735H7159,68.03,26.0
1366,"Sep 8, 2020",P036H2065,76.5,17.0
1367,"Sep 8, 2020",M630H8980,57.34,220.0
1368,"Sep 8, 2020",P037H2072,66.52,8.0
1369,"Sep 8, 2020",P036H2062,66.52,18.0
1370,"Sep 8, 2020",P037H2071,56.45,8.0
1371,"Sep 8, 2020",3630H2620,114.6,5.0
1372,"Sep 7, 2020",M735H7159,68.03,23.0
1373,"Sep 7, 2020",P036H2065,73.14,17.0
1374,"Sep 7, 2020",-232H1243,118.46,5.0
1375,"Sep 7, 2020",P037H2072,56.45,8.0
1376,"Sep 7, 2020",P036H2062,64.98,31.0
1377,"Sep 7, 2020",P037H2071,66.52,8.0
1378,"Sep 7, 2020",M630H8980,57.57,212.0
1379,"Sep 6, 2020",-233H1278,106.03,5.0
1380,"Sep 6, 2020",-232H1243,118.46,5.0
1381,"Sep 6, 2020",P036H2065,76.5,27.0
1382,"Sep 6, 2020",P037H2072,66.52,11.0
1383,"Sep 6, 2020",P037H2071,66.52,5.0
1384,"Sep 6, 2020",P036H2062,62.49,57.0
1385,"Sep 5, 2020",P036H2065,71.13,30.0
1386,"Sep 5, 2020",P037H2072,66.52,8.0
1387,"Sep 5, 2020",P037H2071,66.52,7.0
1388,"Sep 5, 2020",P036H2062,66.52,41.0
1389,"Sep 4, 2020",3637H1617,140.36,5.0
1390,"Sep 4, 2020",-233H1278,106.03,5.0
1391,"Sep 4, 2020",P036H2065,73.04,43.0
1392,"Sep 4, 2020",P037H2072,66.52,14.0
1393,"Sep 4, 2020",P037H2071,66.52,9.0
1394,"Sep 4, 2020",P036H2062,64.66,49.0
1395,"Sep 3, 2020",3637H1617,140.36,5.0
1396,"Sep 3, 2020",-233H1278,106.03,5.0
1397,"Sep 3, 2020",P036H2065,76.5,34.0
1398,"Sep 3, 2020",P037H2072,66.52,9.0
1399,"Sep 3, 2020",P037H2071,58.63,9.0
1400,"Sep 3, 2020",P036H2062,60.64,55.0
1401,"Sep 2, 2020",P036H2065,76.5,22.0
1402,"Sep 2, 2020",P037H2072,60.03,17.0
1403,"Sep 2, 2020",P037H2071,60.03,11.0
1404,"Sep 2, 2020",P036H2062,65.88,68.0
1405,"Sep 1, 2020",P037H2070,122.1,5.0
1406,"Sep 1, 2020",P036H2065,72.7,40.0
1407,"Sep 1, 2020",P037H2072,66.52,7.0
1408,"Sep 1, 2020",P037H2071,62.73,15.0
1409,"Sep 1, 2020",P036H2062,63.39,71.0
1410,"Aug 31, 2020",-233H1279,100.94,5.0
1411,"Aug 31, 2020",-233H1278,100.94,7.0
1412,"Aug 31, 2020",-233H1277,100.94,5.0
1413,"Aug 31, 2020",P036H2065,73.31,41.0
1414,"Aug 31, 2020",P037H2072,64.2,24.0
1415,"Aug 31, 2020",P037H2071,64.2,19.0
1416,"Aug 31, 2020",P036H2062,62.83,113.0
1417,"Aug 30, 2020",-233H1278,100.94,5.0
1418,"Aug 30, 2020",P037H2072,41.77,8.0
1419,"Aug 30, 2020",P036H2065,74.66,45.0
1420,"Aug 30, 2020",P037H2071,58.35,18.0
1421,"Aug 30, 2020",3630H2620,110.04,5.0
1422,"Aug 30, 2020",P036H2062,63.56,67.0
1423,"Aug 29, 2020",P036H2062,62.4,72.0
1424,"Aug 29, 2020",-233H1279,100.94,5.0
1425,"Aug 29, 2020",P036H2065,70.26,38.0
1426,"Aug 29, 2020",-233H1278,100.94,6.0
1427,"Aug 29, 2020",-233H1277,100.94,5.0
1428,"Aug 29, 2020",-232H1247,116.68,5.0
1429,"Aug 29, 2020",P037H2072,64.2,12.0
1430,"Aug 29, 2020",P037H2071,64.2,12.0
1431,"Aug 28, 2020",P036H2062,61.6,82.0
1432,"Aug 28, 2020",-232H1243,116.68,5.0
1433,"Aug 28, 2020",P036H2065,73.84,27.0
1434,"Aug 28, 2020",P037H2072,53.29,16.0
1435,"Aug 28, 2020",P037H2071,64.2,11.0
1436,"Aug 27, 2020",-233H1279,100.94,6.0
1437,"Aug 27, 2020",-233H1278,100.94,7.0
1438,"Aug 27, 2020",-233H1277,100.94,5.0
1439,"Aug 27, 2020",P036H2065,73.45,43.0
1440,"Aug 27, 2020",-232H1243,116.68,5.0
1441,"Aug 27, 2020",M630H8980,36.65,5.0
1442,"Aug 27, 2020",P037H2072,64.2,21.0
1443,"Aug 27, 2020",P037H2071,60.48,15.0
1444,"Aug 27, 2020",P036H2069,94.57,5.0
1445,"Aug 27, 2020",P036H2062,61.04,149.0
1446,"Aug 26, 2020",P036H2066,61.75,15.0
1447,"Aug 26, 2020",-233H1279,100.94,6.0
1448,"Aug 26, 2020",P036H2065,72.92,19.0
1449,"Aug 26, 2020",M630H8980,28.42,37293.0
1450,"Aug 26, 2020",P037H2072,64.2,8.0
1451,"Aug 26, 2020",P037H2071,64.2,15.0
1452,"Aug 26, 2020",P036H2062,57.68,57.0
1453,"Aug 25, 2020",P036H2066,65.5,14.0
1454,"Aug 25, 2020",-233H1278,100.94,6.0
1455,"Aug 25, 2020",P036H2065,72.38,17.0
1456,"Aug 25, 2020",-233H1277,100.94,5.0
1457,"Aug 25, 2020",P037H2072,64.2,7.0
1458,"Aug 25, 2020",3637H1617,126.85,5.0
1459,"Aug 25, 2020",P036H2062,62.62,30.0
1460,"Aug 25, 2020",P037H2071,64.2,8.0
1461,"Aug 25, 2020",M630H8980,53.67,333.0
1462,"Aug 24, 2020",P036H2066,65.5,14.0
1463,"Aug 24, 2020",M630H8980,53.54,364.0
1464,"Aug 24, 2020",P037H2070,107.99,5.0
1465,"Aug 24, 2020",P036H2065,72.87,19.0
1466,"Aug 24, 2020",-233H1278,100.94,5.0
1467,"Aug 24, 2020",-232H1247,116.68,5.0
1468,"Aug 24, 2020",-232H1243,116.68,6.0
1469,"Aug 24, 2020",P037H2072,64.2,7.0
1470,"Aug 24, 2020",P037H2071,64.2,9.0
1471,"Aug 24, 2020",P036H2062,64.2,31.0
1472,"Aug 23, 2020",P036H2066,69.84,6.0
1473,"Aug 23, 2020",3636H1616,126.85,5.0
1474,"Aug 23, 2020",P036H2065,75.72,11.0
1475,"Aug 23, 2020",-233H1277,100.94,5.0
1476,"Aug 23, 2020",P037H2072,64.2,5.0
1477,"Aug 23, 2020",3637H1617,126.85,5.0
1478,"Aug 23, 2020",P037H2071,58.79,12.0
1479,"Aug 23, 2020",P036H2062,62.17,24.0
1480,"Aug 23, 2020",P036H2067,81.01,5.0
1481,"Aug 23, 2020",M630H8980,52.05,338.0
1482,"Aug 22, 2020",M630H8980,52.25,280.0
1483,"Aug 22, 2020",P036H2066,69.84,8.0
1484,"Aug 22, 2020",P037H2072,64.2,5.0
1485,"Aug 22, 2020",P036H2065,75.72,14.0
1486,"Aug 22, 2020",P036H2062,60.05,24.0
1487,"Aug 22, 2020",P037H2071,64.2,6.0
1488,"Aug 22, 2020",P036H2067,81.01,6.0
1489,"Aug 21, 2020",P036H2066,69.84,9.0
1490,"Aug 21, 2020",-233H1279,100.94,5.0
1491,"Aug 21, 2020",P036H2065,75.72,13.0
1492,"Aug 21, 2020",M630H8980,50.83,347.0
1493,"Aug 21, 2020",-233H1278,100.94,5.0
1494,"Aug 21, 2020",P037H2072,54.3,8.0
1495,"Aug 21, 2020",P036H2062,62.68,31.0
1496,"Aug 20, 2020",P036H2066,69.84,11.0
1497,"Aug 20, 2020",M630H8980,51.9,360.0
1498,"Aug 20, 2020",P036H2065,75.72,14.0
1499,"Aug 20, 2020",P037H2072,64.2,7.0
1500,"Aug 20, 2020",P036H2062,62.62,30.0
1501,"Aug 20, 2020",P037H2071,64.2,6.0
1502,"Aug 20, 2020",P036H2067,81.01,5.0
1503,"Aug 19, 2020",P036H2066,69.84,13.0
1504,"Aug 19, 2020",-233H1279,100.94,5.0
1505,"Aug 19, 2020",-233H1278,100.94,5.0
1506,"Aug 19, 2020",M630H8980,52.9,377.0
1507,"Aug 19, 2020",P036H2065,68.35,23.0
1508,"Aug 19, 2020",P037H2072,64.2,6.0
1509,"Aug 19, 2020",P037H2071,64.2,11.0
1510,"Aug 19, 2020",P036H2062,64.2,27.0
1511,"Aug 19, 2020",P036H2067,81.01,6.0
1512,"Aug 18, 2020",M735H7159,68.03,5.0
1513,"Aug 18, 2020",P036H2066,69.84,12.0
1514,"Aug 18, 2020",M630H8980,53.5,372.0
1515,"Aug 18, 2020",-233H1277,100.94,5.0
1516,"Aug 18, 2020",3637H1617,126.85,5.0
1517,"Aug 18, 2020",P036H2065,75.72,14.0
1518,"Aug 18, 2020",P037H2072,64.2,7.0
1519,"Aug 18, 2020",P037H2071,64.2,13.0
1520,"Aug 18, 2020",P036H2067,81.01,6.0
1521,"Aug 18, 2020",P036H2062,59.5,40.0
1522,"Aug 17, 2020",M630H8980,52.08,485.0
1523,"Aug 17, 2020",P036H2066,69.84,12.0
1524,"Aug 17, 2020",-233H1279,100.94,6.0
1525,"Aug 17, 2020",P036H2065,75.72,17.0
1526,"Aug 17, 2020",-233H1278,100.94,6.0
1527,"Aug 17, 2020",-233H1277,100.94,5.0
1528,"Aug 17, 2020",2734H9994,24.11,6.0
1529,"Aug 17, 2020",P037H2072,64.2,9.0
1530,"Aug 17, 2020",P037H2071,64.2,14.0
1531,"Aug 17, 2020",P036H2062,60.83,41.0
1532,"Aug 17, 2020",P036H2067,55.52,6.0
1533,"Aug 16, 2020",P036H2066,69.84,5.0
1534,"Aug 16, 2020",P036H2065,75.72,9.0
1535,"Aug 16, 2020",M630H8980,52.14,396.0
1536,"Aug 16, 2020",P037H2072,64.2,7.0
1537,"Aug 16, 2020",P037H2071,64.2,6.0
1538,"Aug 16, 2020",P036H2067,55.52,6.0
1539,"Aug 16, 2020",P036H2062,59.17,38.0
1540,"Aug 15, 2020",P036H2066,61.75,9.0
1541,"Aug 15, 2020",M630H8980,53.19,273.0
1542,"Aug 15, 2020",P036H2065,75.72,14.0
1543,"Aug 15, 2020",-233H1278,100.94,5.0
1544,"Aug 15, 2020",P037H2072,37.42,12.0
1545,"Aug 15, 2020",P036H2062,64.2,19.0
1546,"Aug 15, 2020",P037H2071,64.2,8.0
1547,"Aug 15, 2020",3637H1617,126.85,5.0
1548,"Aug 14, 2020",P036H2066,69.84,9.0
1549,"Aug 14, 2020",-233H1279,100.94,5.0
1550,"Aug 14, 2020",P036H2065,73.06,21.0
1551,"Aug 14, 2020",P037H2072,64.2,6.0
1552,"Aug 14, 2020",M630H8980,52.42,310.0
1553,"Aug 14, 2020",P036H2062,62.68,31.0
1554,"Aug 14, 2020",P037H2071,56.45,9.0
1555,"Aug 14, 2020",2734H9994,24.11,7.0
1556,"Aug 13, 2020",P036H2065,75.72,5.0
1557,"Aug 13, 2020",-232H1243,116.68,5.0
1558,"Aug 13, 2020",P037H2072,64.2,6.0
1559,"Aug 13, 2020",3630H2620,110.04,5.0
1560,"Aug 13, 2020",P036H2062,61.12,31.0
1561,"Aug 13, 2020",P037H2071,57.83,11.0
1562,"Aug 13, 2020",M630H8980,52.13,300.0
1563,"Aug 12, 2020",P036H2062,62.8,33.0
1564,"Aug 12, 2020",M630H8980,50.05,315.0
1565,"Aug 12, 2020",-233H1279,100.94,6.0
1566,"Aug 12, 2020",P036H2065,75.72,19.0
1567,"Aug 12, 2020",-233H1278,100.94,5.0
1568,"Aug 12, 2020",-232H1243,116.68,5.0
1569,"Aug 12, 2020",P037H2072,64.2,6.0
1570,"Aug 12, 2020",2734H9994,24.11,6.0
1571,"Aug 12, 2020",P037H2071,55.51,14.0
1572,"Aug 12, 2020",P036H2067,81.01,6.0
1573,"Aug 11, 2020",3636H1616,126.85,5.0
1574,"Aug 11, 2020",M630H8980,49.05,428.0
1575,"Aug 11, 2020",-233H1278,100.94,5.0
1576,"Aug 11, 2020",P036H2065,75.72,18.0
1577,"Aug 11, 2020",P037H2072,64.2,7.0
1578,"Aug 11, 2020",2734H9994,24.11,5.0
1579,"Aug 11, 2020",3630H2620,110.04,6.0
1580,"Aug 11, 2020",P037H2071,64.2,8.0
1581,"Aug 11, 2020",P036H2062,59.88,33.0
1582,"Aug 11, 2020",P036H2067,81.01,6.0
1583,"Aug 10, 2020",2734H9994,24.11,6.0
1584,"Aug 10, 2020",-233H1278,100.94,5.0
1585,"Aug 10, 2020",P036H2065,75.72,13.0
1586,"Aug 10, 2020",3636H1616,126.85,5.0
1587,"Aug 10, 2020",P037H2072,64.2,7.0
1588,"Aug 10, 2020",M630H8980,51.63,421.0
1589,"Aug 10, 2020",3630H2620,110.04,5.0
1590,"Aug 10, 2020",P037H2071,64.2,13.0
1591,"Aug 10, 2020",P036H2062,60.83,41.0
1592,"Aug 9, 2020",P036H2062,59.5,31.0
1593,"Aug 9, 2020",3636H1616,126.85,5.0
1594,"Aug 9, 2020",-233H1279,100.94,6.0
1595,"Aug 9, 2020",P036H2065,75.72,13.0
1596,"Aug 9, 2020",2734H9994,24.11,6.0
1597,"Aug 9, 2020",M630H8980,52.31,293.0
1598,"Aug 9, 2020",P037H2072,64.2,9.0
1599,"Aug 9, 2020",P037H2071,64.2,14.0
1600,"Aug 8, 2020",P036H2062,57.83,31.0
1601,"Aug 8, 2020",P036H2065,71.68,15.0
1602,"Aug 8, 2020",-233H1278,100.94,7.0
1603,"Aug 8, 2020",3637H1617,126.85,5.0
1604,"Aug 8, 2020",P037H2072,64.2,7.0
1605,"Aug 8, 2020",M630H8980,50.11,349.0
1606,"Aug 8, 2020",P037H2071,64.2,8.0
1607,"Aug 8, 2020",P036H2067,81.01,6.0
1608,"Aug 7, 2020",M630H8980,51.08,297.0
1609,"Aug 7, 2020",2734H9994,24.11,6.0
1610,"Aug 7, 2020",P036H2065,75.72,7.0
1611,"Aug 7, 2020",P037H2072,50.49,11.0
1612,"Aug 7, 2020",P036H2062,62.68,31.0
1613,"Aug 7, 2020",P037H2070,107.99,5.0
1614,"Aug 7, 2020",P037H2071,38.44,14.0
1615,"Aug 7, 2020",P036H2069,94.57,5.0
1616,"Aug 7, 2020",P036H2067,81.01,6.0
1617,"Aug 6, 2020",-233H1278,100.94,5.0
1618,"Aug 6, 2020",P037H2072,64.2,6.0
1619,"Aug 6, 2020",P037H2071,64.2,11.0
1620,"Aug 6, 2020",M630H8980,49.35,338.0
1621,"Aug 6, 2020",P036H2062,59.05,29.0
1622,"Aug 6, 2020",P036H2067,81.01,9.0
1623,"Aug 5, 2020",-233H1278,100.94,5.0
1624,"Aug 5, 2020",2734H9994,24.11,6.0
1625,"Aug 5, 2020",-232H1243,116.68,5.0
1626,"Aug 5, 2020",P037H2072,44.86,14.0
1627,"Aug 5, 2020",P037H2071,50.49,7.0
1628,"Aug 5, 2020",P036H2062,61.91,40.0
1629,"Aug 5, 2020",M630H8980,51.81,338.0
1630,"Aug 5, 2020",P036H2069,94.57,5.0
1631,"Aug 5, 2020",P036H2067,81.01,7.0
1632,"Aug 4, 2020",P036H2066,69.84,11.0
1633,"Aug 4, 2020",P037H2072,54.3,8.0
1634,"Aug 4, 2020",P037H2071,56.45,9.0
1635,"Aug 4, 2020",P036H2062,60.05,34.0
1636,"Aug 4, 2020",P036H2067,81.01,6.0
1637,"Aug 4, 2020",2734H9994,24.11,5.0
1638,"Aug 4, 2020",M630H8980,51.82,347.0
1639,"Aug 3, 2020",P036H2066,65.5,14.0
1640,"Aug 3, 2020",M630H8980,52.72,411.0
1641,"Aug 3, 2020",-233H1279,100.94,5.0
1642,"Aug 3, 2020",-233H1277,100.94,5.0
1643,"Aug 3, 2020",-232H1243,116.68,5.0
1644,"Aug 3, 2020",P037H2072,64.2,7.0
1645,"Aug 3, 2020",2734H9994,24.11,5.0
1646,"Aug 3, 2020",P037H2071,64.2,8.0
1647,"Aug 3, 2020",P036H2067,81.01,5.0
1648,"Aug 3, 2020",P036H2062,60.38,48.0
1649,"Aug 2, 2020",2734H9994,24.11,6.0
1650,"Aug 2, 2020",M630H8980,52.13,343.0
1651,"Aug 2, 2020",P036H2066,69.84,8.0
1652,"Aug 2, 2020",P037H2072,64.2,6.0
1653,"Aug 2, 2020",P037H2071,59.5,13.0
1654,"Aug 2, 2020",P036H2067,81.01,5.0
1655,"Aug 2, 2020",P036H2062,62.54,29.0
1656,"Aug 1, 2020",P036H2066,69.84,11.0
1657,"Aug 1, 2020",3637H1617,126.85,5.0
1658,"Aug 1, 2020",M630H8980,49.21,327.0
1659,"Aug 1, 2020",P037H2072,64.2,5.0
1660,"Aug 1, 2020",P037H2071,58.79,12.0
1661,"Aug 1, 2020",P036H2069,94.57,5.0
1662,"Aug 1, 2020",P036H2062,58.1,32.0
1663,"Jul 31, 2020",-233H1277,100.94,6.0
1664,"Jul 31, 2020",P036H2066,69.84,7.0
1665,"Jul 31, 2020",P037H2071,54.3,8.0
1666,"Jul 31, 2020",P036H2068,94.57,5.0
1667,"Jul 31, 2020",P036H2067,81.01,5.0
1668,"Jul 31, 2020",P036H2062,59.05,29.0
1669,"Jul 31, 2020",M630H8980,49.9,363.0
1670,"Jul 31, 2020",2734H9994,24.11,9.0
